type,img,cls_pred,conf,size_cat
FP,0000001_02999_d_0000005.jpg,car,0.6576671004295349,medium
FP,0000001_02999_d_0000005.jpg,motor,0.5684654116630554,medium
FP,0000001_02999_d_0000005.jpg,motor,0.542921781539917,medium
FP,0000001_02999_d_0000005.jpg,motor,0.5034109950065613,medium
FP,0000001_02999_d_0000005.jpg,car,0.4310148358345032,medium
FP,0000001_02999_d_0000005.jpg,motor,0.4291071891784668,medium
FP,0000001_02999_d_0000005.jpg,car,0.428364634513855,large
FP,0000001_02999_d_0000005.jpg,car,0.42089757323265076,small
FP,0000001_02999_d_0000005.jpg,car,0.3780156970024109,small
FP,0000001_02999_d_0000005.jpg,car,0.33586373925209045,medium
FP,0000001_02999_d_0000005.jpg,car,0.3332887291908264,medium
FP,0000001_02999_d_0000005.jpg,motor,0.31288912892341614,small
FP,0000001_02999_d_0000005.jpg,motor,0.3064338266849518,medium
FP,0000001_02999_d_0000005.jpg,people,0.2950442135334015,small
FP,0000001_02999_d_0000005.jpg,motor,0.2723795771598816,medium
FP,0000001_02999_d_0000005.jpg,awning-tricycle,0.25869524478912354,medium
FP,0000001_02999_d_0000005.jpg,motor,0.2537260949611664,medium
FN,0000001_02999_d_0000005.jpg,people,0.0,medium
FN,0000001_02999_d_0000005.jpg,pedestrian,0.0,small
FN,0000001_02999_d_0000005.jpg,pedestrian,0.0,medium
FN,0000001_02999_d_0000005.jpg,awning-tricycle,0.0,medium
FN,0000001_02999_d_0000005.jpg,people,0.0,medium
FN,0000001_02999_d_0000005.jpg,awning-tricycle,0.0,medium
FN,0000001_02999_d_0000005.jpg,motor,0.0,medium
FN,0000001_02999_d_0000005.jpg,tricycle,0.0,medium
FN,0000001_02999_d_0000005.jpg,motor,0.0,medium
FN,0000001_02999_d_0000005.jpg,tricycle,0.0,medium
FN,0000001_02999_d_0000005.jpg,motor,0.0,medium
FN,0000001_02999_d_0000005.jpg,motor,0.0,medium
FN,0000001_02999_d_0000005.jpg,motor,0.0,medium
FN,0000001_02999_d_0000005.jpg,awning-tricycle,0.0,medium
FN,0000001_02999_d_0000005.jpg,motor,0.0,medium
FN,0000001_02999_d_0000005.jpg,awning-tricycle,0.0,medium
FN,0000001_02999_d_0000005.jpg,awning-tricycle,0.0,medium
FN,0000001_02999_d_0000005.jpg,awning-tricycle,0.0,medium
FN,0000001_02999_d_0000005.jpg,motor,0.0,medium
FN,0000001_02999_d_0000005.jpg,motor,0.0,medium
FN,0000001_02999_d_0000005.jpg,motor,0.0,medium
FN,0000001_02999_d_0000005.jpg,motor,0.0,medium
FN,0000001_02999_d_0000005.jpg,awning-tricycle,0.0,medium
FN,0000001_02999_d_0000005.jpg,awning-tricycle,0.0,medium
FN,0000001_02999_d_0000005.jpg,motor,0.0,medium
FN,0000001_02999_d_0000005.jpg,motor,0.0,medium
FN,0000001_02999_d_0000005.jpg,awning-tricycle,0.0,medium
FN,0000001_02999_d_0000005.jpg,motor,0.0,medium
FN,0000001_02999_d_0000005.jpg,motor,0.0,medium
FN,0000001_02999_d_0000005.jpg,bicycle,0.0,medium
FN,0000001_02999_d_0000005.jpg,motor,0.0,medium
FN,0000001_02999_d_0000005.jpg,motor,0.0,medium
FN,0000001_02999_d_0000005.jpg,motor,0.0,small
FN,0000001_02999_d_0000005.jpg,people,0.0,medium
FN,0000001_02999_d_0000005.jpg,people,0.0,small
FN,0000001_02999_d_0000005.jpg,car,0.0,medium
FN,0000001_02999_d_0000005.jpg,awning-tricycle,0.0,small
FN,0000001_02999_d_0000005.jpg,motor,0.0,small
FN,0000001_02999_d_0000005.jpg,motor,0.0,small
FN,0000001_02999_d_0000005.jpg,awning-tricycle,0.0,small
FN,0000001_02999_d_0000005.jpg,pedestrian,0.0,small
FN,0000001_02999_d_0000005.jpg,motor,0.0,small
FN,0000001_02999_d_0000005.jpg,people,0.0,medium
FN,0000001_02999_d_0000005.jpg,awning-tricycle,0.0,medium
FN,0000001_02999_d_0000005.jpg,people,0.0,small
FN,0000001_02999_d_0000005.jpg,people,0.0,small
FN,0000001_02999_d_0000005.jpg,bicycle,0.0,small
FN,0000001_02999_d_0000005.jpg,people,0.0,small
FN,0000001_02999_d_0000005.jpg,motor,0.0,small
FN,0000001_02999_d_0000005.jpg,people,0.0,small
FN,0000001_02999_d_0000005.jpg,people,0.0,small
FN,0000001_02999_d_0000005.jpg,people,0.0,small
FN,0000001_02999_d_0000005.jpg,motor,0.0,medium
FN,0000001_02999_d_0000005.jpg,awning-tricycle,0.0,medium
FN,0000001_02999_d_0000005.jpg,people,0.0,small
FN,0000001_02999_d_0000005.jpg,motor,0.0,small
FN,0000001_02999_d_0000005.jpg,people,0.0,small
FN,0000001_02999_d_0000005.jpg,motor,0.0,small
FN,0000001_02999_d_0000005.jpg,people,0.0,small
FN,0000001_02999_d_0000005.jpg,pedestrian,0.0,small
FN,0000001_02999_d_0000005.jpg,motor,0.0,medium
FN,0000001_02999_d_0000005.jpg,people,0.0,small
FN,0000001_02999_d_0000005.jpg,people,0.0,small
FN,0000001_02999_d_0000005.jpg,car,0.0,medium
FN,0000001_02999_d_0000005.jpg,pedestrian,0.0,small
FN,0000001_02999_d_0000005.jpg,pedestrian,0.0,small
FN,0000001_02999_d_0000005.jpg,people,0.0,small
FN,0000001_02999_d_0000005.jpg,motor,0.0,small
FN,0000001_02999_d_0000005.jpg,people,0.0,small
FN,0000001_02999_d_0000005.jpg,motor,0.0,small
FN,0000001_02999_d_0000005.jpg,people,0.0,small
FN,0000001_02999_d_0000005.jpg,motor,0.0,small
FN,0000001_02999_d_0000005.jpg,people,0.0,small
FN,0000001_02999_d_0000005.jpg,awning-tricycle,0.0,small
FN,0000001_02999_d_0000005.jpg,people,0.0,small
FN,0000001_02999_d_0000005.jpg,motor,0.0,small
FN,0000001_02999_d_0000005.jpg,people,0.0,small
FN,0000001_02999_d_0000005.jpg,awning-tricycle,0.0,medium
FN,0000001_02999_d_0000005.jpg,people,0.0,small
FN,0000001_02999_d_0000005.jpg,people,0.0,small
FN,0000001_02999_d_0000005.jpg,people,0.0,small
FP,0000001_03499_d_0000006.jpg,people,0.45944225788116455,medium
FP,0000001_03499_d_0000006.jpg,car,0.4241967499256134,medium
FP,0000001_03499_d_0000006.jpg,car,0.41149744391441345,medium
FP,0000001_03499_d_0000006.jpg,bicycle,0.36295023560523987,small
FP,0000001_03499_d_0000006.jpg,motor,0.34788966178894043,small
FP,0000001_03499_d_0000006.jpg,people,0.32093557715415955,small
FP,0000001_03499_d_0000006.jpg,motor,0.3113258481025696,small
FP,0000001_03499_d_0000006.jpg,people,0.2892705202102661,small
FP,0000001_03499_d_0000006.jpg,car,0.28333577513694763,medium
FP,0000001_03499_d_0000006.jpg,pedestrian,0.26281800866127014,small
FP,0000001_03499_d_0000006.jpg,pedestrian,0.2533055543899536,medium
FN,0000001_03499_d_0000006.jpg,motor,0.0,medium
FN,0000001_03499_d_0000006.jpg,pedestrian,0.0,small
FN,0000001_03499_d_0000006.jpg,tricycle,0.0,medium
FN,0000001_03499_d_0000006.jpg,pedestrian,0.0,small
FN,0000001_03499_d_0000006.jpg,motor,0.0,medium
FN,0000001_03499_d_0000006.jpg,motor,0.0,medium
FN,0000001_03499_d_0000006.jpg,motor,0.0,medium
FN,0000001_03499_d_0000006.jpg,motor,0.0,medium
FN,0000001_03499_d_0000006.jpg,bicycle,0.0,small
FN,0000001_03499_d_0000006.jpg,motor,0.0,medium
FN,0000001_03499_d_0000006.jpg,people,0.0,small
FN,0000001_03499_d_0000006.jpg,people,0.0,small
FN,0000001_03499_d_0000006.jpg,motor,0.0,small
FN,0000001_03499_d_0000006.jpg,people,0.0,small
FN,0000001_03499_d_0000006.jpg,motor,0.0,small
FN,0000001_03499_d_0000006.jpg,people,0.0,small
FN,0000001_03499_d_0000006.jpg,motor,0.0,small
FN,0000001_03499_d_0000006.jpg,motor,0.0,small
FN,0000001_03499_d_0000006.jpg,motor,0.0,small
FN,0000001_03499_d_0000006.jpg,motor,0.0,small
FN,0000001_03499_d_0000006.jpg,motor,0.0,small
FN,0000001_03499_d_0000006.jpg,people,0.0,small
FN,0000001_03499_d_0000006.jpg,people,0.0,small
FN,0000001_03499_d_0000006.jpg,people,0.0,small
FN,0000001_03499_d_0000006.jpg,people,0.0,small
FN,0000001_03499_d_0000006.jpg,people,0.0,small
FN,0000001_03499_d_0000006.jpg,people,0.0,small
FN,0000001_03499_d_0000006.jpg,people,0.0,small
FN,0000001_03499_d_0000006.jpg,motor,0.0,small
FN,0000001_03499_d_0000006.jpg,motor,0.0,small
FN,0000001_03499_d_0000006.jpg,motor,0.0,small
FN,0000001_03499_d_0000006.jpg,motor,0.0,small
FN,0000001_03499_d_0000006.jpg,motor,0.0,small
FN,0000001_03499_d_0000006.jpg,people,0.0,small
FN,0000001_03499_d_0000006.jpg,pedestrian,0.0,medium
FN,0000001_03499_d_0000006.jpg,pedestrian,0.0,small
FN,0000001_03499_d_0000006.jpg,people,0.0,small
FN,0000001_03499_d_0000006.jpg,people,0.0,small
FN,0000001_03499_d_0000006.jpg,people,0.0,small
FN,0000001_03499_d_0000006.jpg,motor,0.0,small
FN,0000001_03499_d_0000006.jpg,motor,0.0,small
FN,0000001_03499_d_0000006.jpg,car,0.0,medium
FN,0000001_03499_d_0000006.jpg,pedestrian,0.0,small
FN,0000001_03499_d_0000006.jpg,pedestrian,0.0,small
FN,0000001_03499_d_0000006.jpg,pedestrian,0.0,small
FN,0000001_03499_d_0000006.jpg,motor,0.0,small
FN,0000001_03499_d_0000006.jpg,people,0.0,small
FN,0000001_03499_d_0000006.jpg,people,0.0,small
FN,0000001_03499_d_0000006.jpg,motor,0.0,small
FN,0000001_03499_d_0000006.jpg,motor,0.0,small
FN,0000001_03499_d_0000006.jpg,people,0.0,small
FN,0000001_03499_d_0000006.jpg,motor,0.0,small
FP,0000001_03999_d_0000007.jpg,car,0.5764855742454529,medium
FP,0000001_03999_d_0000007.jpg,motor,0.48879262804985046,medium
FP,0000001_03999_d_0000007.jpg,car,0.42367735505104065,small
FP,0000001_03999_d_0000007.jpg,car,0.42107588052749634,small
FP,0000001_03999_d_0000007.jpg,bicycle,0.3471686840057373,medium
FP,0000001_03999_d_0000007.jpg,people,0.3450537919998169,small
FP,0000001_03999_d_0000007.jpg,people,0.3416588604450226,small
FP,0000001_03999_d_0000007.jpg,motor,0.29584801197052,small
FP,0000001_03999_d_0000007.jpg,people,0.2661325931549072,small
FP,0000001_03999_d_0000007.jpg,motor,0.2537435293197632,small
FN,0000001_03999_d_0000007.jpg,pedestrian,0.0,small
FN,0000001_03999_d_0000007.jpg,pedestrian,0.0,medium
FN,0000001_03999_d_0000007.jpg,pedestrian,0.0,medium
FN,0000001_03999_d_0000007.jpg,car,0.0,medium
FN,0000001_03999_d_0000007.jpg,motor,0.0,medium
FN,0000001_03999_d_0000007.jpg,motor,0.0,medium
FN,0000001_03999_d_0000007.jpg,pedestrian,0.0,medium
FN,0000001_03999_d_0000007.jpg,people,0.0,medium
FN,0000001_03999_d_0000007.jpg,people,0.0,small
FN,0000001_03999_d_0000007.jpg,people,0.0,medium
FN,0000001_03999_d_0000007.jpg,people,0.0,medium
FN,0000001_03999_d_0000007.jpg,people,0.0,small
FN,0000001_03999_d_0000007.jpg,motor,0.0,medium
FN,0000001_03999_d_0000007.jpg,bicycle,0.0,medium
FN,0000001_03999_d_0000007.jpg,motor,0.0,medium
FN,0000001_03999_d_0000007.jpg,bicycle,0.0,medium
FN,0000001_03999_d_0000007.jpg,tricycle,0.0,medium
FN,0000001_03999_d_0000007.jpg,people,0.0,small
FN,0000001_03999_d_0000007.jpg,people,0.0,small
FN,0000001_03999_d_0000007.jpg,motor,0.0,medium
FN,0000001_03999_d_0000007.jpg,people,0.0,small
FN,0000001_03999_d_0000007.jpg,people,0.0,small
FP,0000001_04527_d_0000008.jpg,pedestrian,0.47752079367637634,medium
FP,0000001_04527_d_0000008.jpg,pedestrian,0.4265980124473572,small
FP,0000001_04527_d_0000008.jpg,motor,0.4181325137615204,medium
FP,0000001_04527_d_0000008.jpg,motor,0.338936448097229,medium
FP,0000001_04527_d_0000008.jpg,motor,0.30477187037467957,medium
FN,0000001_04527_d_0000008.jpg,people,0.0,medium
FN,0000001_04527_d_0000008.jpg,people,0.0,medium
FN,0000001_04527_d_0000008.jpg,people,0.0,medium
FN,0000001_04527_d_0000008.jpg,motor,0.0,medium
FN,0000001_04527_d_0000008.jpg,motor,0.0,medium
FN,0000001_04527_d_0000008.jpg,motor,0.0,medium
FN,0000001_04527_d_0000008.jpg,motor,0.0,medium
FN,0000001_04527_d_0000008.jpg,motor,0.0,medium
FN,0000001_04527_d_0000008.jpg,motor,0.0,medium
FN,0000001_04527_d_0000008.jpg,motor,0.0,medium
FN,0000001_04527_d_0000008.jpg,motor,0.0,medium
FN,0000001_04527_d_0000008.jpg,motor,0.0,medium
FN,0000001_04527_d_0000008.jpg,motor,0.0,medium
FN,0000001_04527_d_0000008.jpg,people,0.0,medium
FN,0000001_04527_d_0000008.jpg,pedestrian,0.0,medium
FN,0000001_04527_d_0000008.jpg,motor,0.0,medium
FN,0000001_04527_d_0000008.jpg,motor,0.0,medium
FN,0000001_04527_d_0000008.jpg,pedestrian,0.0,small
FN,0000001_04527_d_0000008.jpg,pedestrian,0.0,medium
FN,0000001_04527_d_0000008.jpg,motor,0.0,medium
FN,0000001_04527_d_0000008.jpg,people,0.0,medium
FN,0000001_04527_d_0000008.jpg,people,0.0,small
FN,0000001_04527_d_0000008.jpg,motor,0.0,small
FN,0000001_04527_d_0000008.jpg,people,0.0,small
FN,0000001_04527_d_0000008.jpg,people,0.0,medium
FN,0000001_04527_d_0000008.jpg,motor,0.0,medium
FN,0000001_04527_d_0000008.jpg,pedestrian,0.0,medium
FN,0000001_04527_d_0000008.jpg,pedestrian,0.0,medium
FN,0000001_04527_d_0000008.jpg,pedestrian,0.0,medium
FN,0000001_04527_d_0000008.jpg,motor,0.0,small
FN,0000001_04527_d_0000008.jpg,motor,0.0,small
FN,0000001_04527_d_0000008.jpg,pedestrian,0.0,small
FN,0000001_04527_d_0000008.jpg,pedestrian,0.0,small
FN,0000001_04527_d_0000008.jpg,pedestrian,0.0,small
FN,0000001_04527_d_0000008.jpg,pedestrian,0.0,small
FN,0000001_04527_d_0000008.jpg,pedestrian,0.0,small
FN,0000001_04527_d_0000008.jpg,motor,0.0,small
FN,0000001_04527_d_0000008.jpg,pedestrian,0.0,small
FN,0000001_04527_d_0000008.jpg,motor,0.0,small
FN,0000001_04527_d_0000008.jpg,motor,0.0,small
FN,0000001_04527_d_0000008.jpg,bicycle,0.0,small
FN,0000001_04527_d_0000008.jpg,people,0.0,small
FN,0000001_04527_d_0000008.jpg,pedestrian,0.0,small
FN,0000001_04527_d_0000008.jpg,car,0.0,medium
FN,0000001_04527_d_0000008.jpg,car,0.0,medium
FN,0000001_04527_d_0000008.jpg,pedestrian,0.0,small
FN,0000001_04527_d_0000008.jpg,motor,0.0,small
FN,0000001_04527_d_0000008.jpg,motor,0.0,small
FN,0000001_04527_d_0000008.jpg,pedestrian,0.0,small
FN,0000001_04527_d_0000008.jpg,motor,0.0,small
FN,0000001_04527_d_0000008.jpg,bicycle,0.0,small
FN,0000001_04527_d_0000008.jpg,bicycle,0.0,small
FN,0000001_04527_d_0000008.jpg,pedestrian,0.0,medium
FN,0000001_04527_d_0000008.jpg,motor,0.0,medium
FN,0000001_04527_d_0000008.jpg,motor,0.0,medium
FN,0000001_04527_d_0000008.jpg,motor,0.0,medium
FN,0000001_04527_d_0000008.jpg,motor,0.0,medium
FN,0000001_04527_d_0000008.jpg,pedestrian,0.0,medium
FN,0000001_04527_d_0000008.jpg,motor,0.0,small
FN,0000001_04527_d_0000008.jpg,motor,0.0,medium
FN,0000001_04527_d_0000008.jpg,people,0.0,small
FN,0000001_04527_d_0000008.jpg,people,0.0,medium
FN,0000001_04527_d_0000008.jpg,motor,0.0,medium
FN,0000001_04527_d_0000008.jpg,motor,0.0,medium
FN,0000001_04527_d_0000008.jpg,people,0.0,medium
FN,0000001_04527_d_0000008.jpg,motor,0.0,medium
FN,0000001_04527_d_0000008.jpg,people,0.0,medium
FN,0000001_04527_d_0000008.jpg,people,0.0,medium
FN,0000001_04527_d_0000008.jpg,people,0.0,medium
FN,0000001_04527_d_0000008.jpg,motor,0.0,medium
FN,0000001_04527_d_0000008.jpg,pedestrian,0.0,medium
FN,0000001_04527_d_0000008.jpg,pedestrian,0.0,medium
FN,0000001_04527_d_0000008.jpg,motor,0.0,medium
FN,0000001_04527_d_0000008.jpg,pedestrian,0.0,medium
FN,0000001_04527_d_0000008.jpg,pedestrian,0.0,medium
FN,0000001_04527_d_0000008.jpg,bicycle,0.0,medium
FN,0000001_04527_d_0000008.jpg,motor,0.0,medium
FN,0000001_04527_d_0000008.jpg,motor,0.0,medium
FN,0000001_04527_d_0000008.jpg,people,0.0,medium
FN,0000001_04527_d_0000008.jpg,people,0.0,medium
FN,0000001_04527_d_0000008.jpg,people,0.0,small
FN,0000001_04527_d_0000008.jpg,pedestrian,0.0,medium
FN,0000001_04527_d_0000008.jpg,tricycle,0.0,medium
FN,0000001_04527_d_0000008.jpg,awning-tricycle,0.0,medium
FP,0000001_05249_d_0000009.jpg,car,0.7398015260696411,large
FP,0000001_05249_d_0000009.jpg,motor,0.7014802694320679,medium
FP,0000001_05249_d_0000009.jpg,car,0.593888521194458,medium
FP,0000001_05249_d_0000009.jpg,truck,0.5783079862594604,medium
FP,0000001_05249_d_0000009.jpg,van,0.5341049432754517,medium
FP,0000001_05249_d_0000009.jpg,car,0.5322907567024231,medium
FP,0000001_05249_d_0000009.jpg,pedestrian,0.5233080387115479,medium
FP,0000001_05249_d_0000009.jpg,car,0.5208429098129272,medium
FP,0000001_05249_d_0000009.jpg,car,0.5060798525810242,medium
FP,0000001_05249_d_0000009.jpg,pedestrian,0.48761099576950073,medium
FP,0000001_05249_d_0000009.jpg,car,0.4620681405067444,medium
FP,0000001_05249_d_0000009.jpg,van,0.46056562662124634,medium
FP,0000001_05249_d_0000009.jpg,pedestrian,0.4553646445274353,medium
FP,0000001_05249_d_0000009.jpg,van,0.4344364404678345,medium
FP,0000001_05249_d_0000009.jpg,pedestrian,0.42596426606178284,small
FP,0000001_05249_d_0000009.jpg,car,0.42391350865364075,medium
FP,0000001_05249_d_0000009.jpg,car,0.41805270314216614,medium
FP,0000001_05249_d_0000009.jpg,car,0.3892163932323456,medium
FP,0000001_05249_d_0000009.jpg,car,0.3808538317680359,medium
FP,0000001_05249_d_0000009.jpg,car,0.3748054504394531,medium
FP,0000001_05249_d_0000009.jpg,car,0.37212854623794556,medium
FP,0000001_05249_d_0000009.jpg,car,0.3574053943157196,medium
FP,0000001_05249_d_0000009.jpg,car,0.3444675803184509,medium
FP,0000001_05249_d_0000009.jpg,car,0.3234982192516327,medium
FP,0000001_05249_d_0000009.jpg,car,0.3216811418533325,medium
FP,0000001_05249_d_0000009.jpg,people,0.319030225276947,medium
FP,0000001_05249_d_0000009.jpg,car,0.3117488622665405,medium
FP,0000001_05249_d_0000009.jpg,van,0.2936860918998718,medium
FP,0000001_05249_d_0000009.jpg,car,0.290865957736969,medium
FP,0000001_05249_d_0000009.jpg,pedestrian,0.2873631715774536,small
FP,0000001_05249_d_0000009.jpg,car,0.27381080389022827,medium
FP,0000001_05249_d_0000009.jpg,car,0.27121850848197937,medium
FP,0000001_05249_d_0000009.jpg,car,0.2633349597454071,medium
FP,0000001_05249_d_0000009.jpg,car,0.2567870318889618,medium
FN,0000001_05249_d_0000009.jpg,car,0.0,medium
FN,0000001_05249_d_0000009.jpg,car,0.0,medium
FN,0000001_05249_d_0000009.jpg,car,0.0,medium
FN,0000001_05249_d_0000009.jpg,car,0.0,medium
FN,0000001_05249_d_0000009.jpg,car,0.0,medium
FN,0000001_05249_d_0000009.jpg,motor,0.0,medium
FN,0000001_05249_d_0000009.jpg,motor,0.0,medium
FN,0000001_05249_d_0000009.jpg,motor,0.0,small
FN,0000001_05249_d_0000009.jpg,motor,0.0,medium
FN,0000001_05249_d_0000009.jpg,motor,0.0,small
FN,0000001_05249_d_0000009.jpg,motor,0.0,small
FN,0000001_05249_d_0000009.jpg,motor,0.0,small
FN,0000001_05249_d_0000009.jpg,motor,0.0,small
FN,0000001_05249_d_0000009.jpg,motor,0.0,small
FN,0000001_05249_d_0000009.jpg,motor,0.0,medium
FN,0000001_05249_d_0000009.jpg,motor,0.0,small
FN,0000001_05249_d_0000009.jpg,motor,0.0,small
FN,0000001_05249_d_0000009.jpg,motor,0.0,small
FN,0000001_05249_d_0000009.jpg,motor,0.0,small
FN,0000001_05249_d_0000009.jpg,people,0.0,medium
FN,0000001_05249_d_0000009.jpg,motor,0.0,small
FN,0000001_05249_d_0000009.jpg,pedestrian,0.0,small
FN,0000001_05249_d_0000009.jpg,pedestrian,0.0,medium
FN,0000001_05249_d_0000009.jpg,pedestrian,0.0,medium
FN,0000001_05249_d_0000009.jpg,motor,0.0,medium
FN,0000001_05249_d_0000009.jpg,pedestrian,0.0,medium
FN,0000001_05249_d_0000009.jpg,pedestrian,0.0,medium
FN,0000001_05249_d_0000009.jpg,motor,0.0,medium
FN,0000001_05249_d_0000009.jpg,motor,0.0,medium
FN,0000001_05249_d_0000009.jpg,motor,0.0,medium
FN,0000001_05249_d_0000009.jpg,motor,0.0,medium
FP,0000001_05499_d_0000010.jpg,car,0.452534019947052,medium
FP,0000001_05499_d_0000010.jpg,car,0.444010466337204,medium
FP,0000001_05499_d_0000010.jpg,car,0.4191626012325287,medium
FP,0000001_05499_d_0000010.jpg,car,0.3162776827812195,medium
FP,0000001_05499_d_0000010.jpg,car,0.2929341495037079,medium
FP,0000001_05499_d_0000010.jpg,car,0.286937415599823,medium
FP,0000001_05499_d_0000010.jpg,awning-tricycle,0.2809843420982361,large
FP,0000001_05499_d_0000010.jpg,pedestrian,0.27493196725845337,medium
FP,0000001_05499_d_0000010.jpg,pedestrian,0.27041077613830566,medium
FP,0000001_05499_d_0000010.jpg,car,0.2605290710926056,medium
FP,0000001_05499_d_0000010.jpg,motor,0.2508307099342346,medium
FN,0000001_05499_d_0000010.jpg,motor,0.0,medium
FN,0000001_05499_d_0000010.jpg,motor,0.0,medium
FN,0000001_05499_d_0000010.jpg,motor,0.0,medium
FN,0000001_05499_d_0000010.jpg,motor,0.0,medium
FN,0000001_05499_d_0000010.jpg,pedestrian,0.0,small
FN,0000001_05499_d_0000010.jpg,people,0.0,small
FN,0000001_05499_d_0000010.jpg,motor,0.0,medium
FN,0000001_05499_d_0000010.jpg,motor,0.0,small
FN,0000001_05499_d_0000010.jpg,motor,0.0,small
FN,0000001_05499_d_0000010.jpg,motor,0.0,small
FN,0000001_05499_d_0000010.jpg,motor,0.0,small
FN,0000001_05499_d_0000010.jpg,motor,0.0,small
FN,0000001_05499_d_0000010.jpg,motor,0.0,small
FN,0000001_05499_d_0000010.jpg,motor,0.0,small
FN,0000001_05499_d_0000010.jpg,pedestrian,0.0,medium
FN,0000001_05499_d_0000010.jpg,pedestrian,0.0,small
FN,0000001_05499_d_0000010.jpg,pedestrian,0.0,small
FN,0000001_05499_d_0000010.jpg,motor,0.0,small
FN,0000001_05499_d_0000010.jpg,awning-tricycle,0.0,medium
FN,0000001_05499_d_0000010.jpg,motor,0.0,small
FN,0000001_05499_d_0000010.jpg,motor,0.0,medium
FN,0000001_05499_d_0000010.jpg,pedestrian,0.0,medium
FN,0000001_05499_d_0000010.jpg,awning-tricycle,0.0,medium
FN,0000001_05499_d_0000010.jpg,awning-tricycle,0.0,medium
FN,0000001_05499_d_0000010.jpg,awning-tricycle,0.0,medium
FN,0000001_05499_d_0000010.jpg,bicycle,0.0,small
FN,0000001_05499_d_0000010.jpg,awning-tricycle,0.0,medium
FN,0000001_05499_d_0000010.jpg,pedestrian,0.0,small
FN,0000001_05499_d_0000010.jpg,awning-tricycle,0.0,small
FN,0000001_05499_d_0000010.jpg,motor,0.0,small
FN,0000001_05499_d_0000010.jpg,motor,0.0,medium
FN,0000001_05499_d_0000010.jpg,motor,0.0,medium
FN,0000001_05499_d_0000010.jpg,pedestrian,0.0,small
FN,0000001_05499_d_0000010.jpg,bicycle,0.0,small
FN,0000001_05499_d_0000010.jpg,motor,0.0,small
FN,0000001_05499_d_0000010.jpg,awning-tricycle,0.0,medium
FN,0000001_05499_d_0000010.jpg,motor,0.0,medium
FN,0000001_05499_d_0000010.jpg,pedestrian,0.0,small
FN,0000001_05499_d_0000010.jpg,motor,0.0,medium
FN,0000001_05499_d_0000010.jpg,people,0.0,small
FN,0000001_05499_d_0000010.jpg,people,0.0,small
FN,0000001_05499_d_0000010.jpg,people,0.0,small
FN,0000001_05499_d_0000010.jpg,people,0.0,small
FN,0000001_05499_d_0000010.jpg,pedestrian,0.0,small
FN,0000001_05499_d_0000010.jpg,people,0.0,small
FN,0000001_05499_d_0000010.jpg,people,0.0,medium
FN,0000001_05499_d_0000010.jpg,people,0.0,small
FN,0000001_05499_d_0000010.jpg,motor,0.0,medium
FN,0000001_05499_d_0000010.jpg,motor,0.0,small
FN,0000001_05499_d_0000010.jpg,tricycle,0.0,medium
FN,0000001_05499_d_0000010.jpg,awning-tricycle,0.0,medium
FN,0000001_05499_d_0000010.jpg,people,0.0,small
FN,0000001_05499_d_0000010.jpg,motor,0.0,small
FN,0000001_05499_d_0000010.jpg,awning-tricycle,0.0,medium
FN,0000001_05499_d_0000010.jpg,people,0.0,small
FN,0000001_05499_d_0000010.jpg,people,0.0,small
FN,0000001_05499_d_0000010.jpg,people,0.0,small
FN,0000001_05499_d_0000010.jpg,people,0.0,small
FN,0000001_05499_d_0000010.jpg,awning-tricycle,0.0,medium
FN,0000001_05499_d_0000010.jpg,motor,0.0,small
FN,0000001_05499_d_0000010.jpg,motor,0.0,small
FN,0000001_05499_d_0000010.jpg,motor,0.0,small
FP,0000001_05999_d_0000011.jpg,car,0.9046393632888794,large
FP,0000001_05999_d_0000011.jpg,car,0.8085908889770508,large
FP,0000001_05999_d_0000011.jpg,car,0.7434631586074829,large
FP,0000001_05999_d_0000011.jpg,car,0.43942004442214966,medium
FP,0000001_05999_d_0000011.jpg,pedestrian,0.39863187074661255,small
FP,0000001_05999_d_0000011.jpg,bicycle,0.3604930341243744,small
FP,0000001_05999_d_0000011.jpg,pedestrian,0.35945770144462585,small
FP,0000001_05999_d_0000011.jpg,motor,0.3539830446243286,medium
FP,0000001_05999_d_0000011.jpg,car,0.35160407423973083,medium
FP,0000001_05999_d_0000011.jpg,car,0.3392418324947357,medium
FP,0000001_05999_d_0000011.jpg,car,0.3243904411792755,large
FP,0000001_05999_d_0000011.jpg,pedestrian,0.3157275319099426,small
FP,0000001_05999_d_0000011.jpg,pedestrian,0.31025561690330505,medium
FP,0000001_05999_d_0000011.jpg,motor,0.3075817823410034,medium
FP,0000001_05999_d_0000011.jpg,pedestrian,0.28169745206832886,medium
FP,0000001_05999_d_0000011.jpg,pedestrian,0.27491408586502075,medium
FP,0000001_05999_d_0000011.jpg,motor,0.2697322964668274,medium
FP,0000001_05999_d_0000011.jpg,pedestrian,0.25743550062179565,small
FP,0000001_05999_d_0000011.jpg,pedestrian,0.25134482979774475,small
FN,0000001_05999_d_0000011.jpg,pedestrian,0.0,small
FN,0000001_05999_d_0000011.jpg,pedestrian,0.0,small
FN,0000001_05999_d_0000011.jpg,pedestrian,0.0,small
FN,0000001_05999_d_0000011.jpg,pedestrian,0.0,small
FN,0000001_05999_d_0000011.jpg,pedestrian,0.0,small
FN,0000001_05999_d_0000011.jpg,awning-tricycle,0.0,small
FN,0000001_05999_d_0000011.jpg,pedestrian,0.0,small
FN,0000001_05999_d_0000011.jpg,motor,0.0,medium
FN,0000001_05999_d_0000011.jpg,motor,0.0,medium
FN,0000001_05999_d_0000011.jpg,people,0.0,medium
FN,0000001_05999_d_0000011.jpg,people,0.0,medium
FN,0000001_05999_d_0000011.jpg,people,0.0,medium
FN,0000001_05999_d_0000011.jpg,pedestrian,0.0,medium
FN,0000001_05999_d_0000011.jpg,motor,0.0,medium
FN,0000001_05999_d_0000011.jpg,motor,0.0,medium
FN,0000001_05999_d_0000011.jpg,motor,0.0,medium
FN,0000001_05999_d_0000011.jpg,people,0.0,small
FN,0000001_05999_d_0000011.jpg,people,0.0,small
FN,0000001_05999_d_0000011.jpg,awning-tricycle,0.0,medium
FN,0000001_05999_d_0000011.jpg,pedestrian,0.0,small
FN,0000001_05999_d_0000011.jpg,pedestrian,0.0,small
FN,0000001_05999_d_0000011.jpg,pedestrian,0.0,small
FN,0000001_05999_d_0000011.jpg,pedestrian,0.0,small
FN,0000001_05999_d_0000011.jpg,pedestrian,0.0,small
FN,0000001_05999_d_0000011.jpg,car,0.0,medium
FN,0000001_05999_d_0000011.jpg,motor,0.0,small
FN,0000001_05999_d_0000011.jpg,motor,0.0,small
FN,0000001_05999_d_0000011.jpg,people,0.0,small
FN,0000001_05999_d_0000011.jpg,pedestrian,0.0,small
FN,0000001_05999_d_0000011.jpg,pedestrian,0.0,small
FN,0000001_05999_d_0000011.jpg,pedestrian,0.0,small
FN,0000001_05999_d_0000011.jpg,pedestrian,0.0,small
FN,0000001_05999_d_0000011.jpg,pedestrian,0.0,small
FN,0000001_05999_d_0000011.jpg,motor,0.0,small
FN,0000001_05999_d_0000011.jpg,people,0.0,small
FN,0000001_05999_d_0000011.jpg,pedestrian,0.0,small
FN,0000001_05999_d_0000011.jpg,motor,0.0,small
FN,0000001_05999_d_0000011.jpg,people,0.0,small
FN,0000001_05999_d_0000011.jpg,pedestrian,0.0,small
FN,0000001_05999_d_0000011.jpg,pedestrian,0.0,small
FN,0000001_05999_d_0000011.jpg,motor,0.0,small
FN,0000001_05999_d_0000011.jpg,pedestrian,0.0,small
FN,0000001_05999_d_0000011.jpg,pedestrian,0.0,small
FN,0000001_05999_d_0000011.jpg,pedestrian,0.0,small
FN,0000001_05999_d_0000011.jpg,pedestrian,0.0,small
FN,0000001_05999_d_0000011.jpg,pedestrian,0.0,small
FN,0000001_05999_d_0000011.jpg,motor,0.0,small
FN,0000001_05999_d_0000011.jpg,people,0.0,small
FN,0000001_05999_d_0000011.jpg,motor,0.0,small
FN,0000001_05999_d_0000011.jpg,bicycle,0.0,small
FN,0000001_05999_d_0000011.jpg,pedestrian,0.0,small
FN,0000001_05999_d_0000011.jpg,pedestrian,0.0,small
FN,0000001_05999_d_0000011.jpg,motor,0.0,small
FN,0000001_05999_d_0000011.jpg,pedestrian,0.0,small
FN,0000001_05999_d_0000011.jpg,motor,0.0,small
FP,0000001_07999_d_0000012.jpg,pedestrian,0.673187255859375,medium
FP,0000001_07999_d_0000012.jpg,pedestrian,0.5952738523483276,small
FP,0000001_07999_d_0000012.jpg,car,0.5525590181350708,medium
FP,0000001_07999_d_0000012.jpg,pedestrian,0.42268285155296326,medium
FP,0000001_07999_d_0000012.jpg,pedestrian,0.40531125664711,medium
FP,0000001_07999_d_0000012.jpg,motor,0.40334904193878174,medium
FP,0000001_07999_d_0000012.jpg,car,0.3812508285045624,medium
FP,0000001_07999_d_0000012.jpg,car,0.37296566367149353,medium
FP,0000001_07999_d_0000012.jpg,motor,0.35236498713493347,small
FP,0000001_07999_d_0000012.jpg,motor,0.3442978858947754,small
FP,0000001_07999_d_0000012.jpg,motor,0.33878302574157715,medium
FP,0000001_07999_d_0000012.jpg,motor,0.32791751623153687,small
FP,0000001_07999_d_0000012.jpg,pedestrian,0.28899237513542175,medium
FP,0000001_07999_d_0000012.jpg,pedestrian,0.27658671140670776,small
FP,0000001_07999_d_0000012.jpg,motor,0.26360440254211426,medium
FP,0000001_07999_d_0000012.jpg,motor,0.26157712936401367,medium
FN,0000001_07999_d_0000012.jpg,pedestrian,0.0,medium
FN,0000001_07999_d_0000012.jpg,pedestrian,0.0,medium
FN,0000001_07999_d_0000012.jpg,pedestrian,0.0,medium
FN,0000001_07999_d_0000012.jpg,pedestrian,0.0,medium
FN,0000001_07999_d_0000012.jpg,pedestrian,0.0,medium
FN,0000001_07999_d_0000012.jpg,pedestrian,0.0,medium
FN,0000001_07999_d_0000012.jpg,pedestrian,0.0,medium
FN,0000001_07999_d_0000012.jpg,pedestrian,0.0,small
FN,0000001_07999_d_0000012.jpg,people,0.0,small
FN,0000001_07999_d_0000012.jpg,people,0.0,medium
FN,0000001_07999_d_0000012.jpg,people,0.0,small
FN,0000001_07999_d_0000012.jpg,motor,0.0,medium
FN,0000001_07999_d_0000012.jpg,motor,0.0,medium
FN,0000001_07999_d_0000012.jpg,motor,0.0,medium
FN,0000001_07999_d_0000012.jpg,bicycle,0.0,medium
FN,0000001_07999_d_0000012.jpg,motor,0.0,small
FN,0000001_07999_d_0000012.jpg,motor,0.0,medium
FN,0000001_07999_d_0000012.jpg,motor,0.0,small
FN,0000001_07999_d_0000012.jpg,bicycle,0.0,medium
FN,0000001_07999_d_0000012.jpg,people,0.0,small
FN,0000001_07999_d_0000012.jpg,pedestrian,0.0,small
FN,0000001_07999_d_0000012.jpg,pedestrian,0.0,medium
FN,0000001_07999_d_0000012.jpg,pedestrian,0.0,medium
FN,0000001_07999_d_0000012.jpg,pedestrian,0.0,medium
FN,0000001_07999_d_0000012.jpg,pedestrian,0.0,medium
FN,0000001_07999_d_0000012.jpg,pedestrian,0.0,medium
FN,0000001_07999_d_0000012.jpg,pedestrian,0.0,medium
FN,0000001_07999_d_0000012.jpg,pedestrian,0.0,small
FN,0000001_07999_d_0000012.jpg,people,0.0,small
FN,0000001_07999_d_0000012.jpg,people,0.0,small
FN,0000001_07999_d_0000012.jpg,people,0.0,small
FN,0000001_07999_d_0000012.jpg,people,0.0,medium
FN,0000001_07999_d_0000012.jpg,people,0.0,small
FN,0000001_07999_d_0000012.jpg,people,0.0,small
FN,0000001_07999_d_0000012.jpg,people,0.0,small
FN,0000001_07999_d_0000012.jpg,people,0.0,small
FN,0000001_07999_d_0000012.jpg,people,0.0,small
FN,0000001_07999_d_0000012.jpg,people,0.0,medium
FN,0000001_07999_d_0000012.jpg,people,0.0,medium
FN,0000001_07999_d_0000012.jpg,tricycle,0.0,medium
FN,0000001_07999_d_0000012.jpg,tricycle,0.0,medium
FN,0000001_07999_d_0000012.jpg,motor,0.0,medium
FN,0000001_07999_d_0000012.jpg,pedestrian,0.0,small
FN,0000001_07999_d_0000012.jpg,pedestrian,0.0,small
FN,0000001_07999_d_0000012.jpg,motor,0.0,small
FN,0000001_07999_d_0000012.jpg,motor,0.0,small
FN,0000001_07999_d_0000012.jpg,motor,0.0,small
FN,0000001_07999_d_0000012.jpg,motor,0.0,small
FN,0000001_07999_d_0000012.jpg,motor,0.0,small
FN,0000001_07999_d_0000012.jpg,motor,0.0,small
FN,0000001_07999_d_0000012.jpg,motor,0.0,small
FN,0000001_07999_d_0000012.jpg,car,0.0,medium
FN,0000001_07999_d_0000012.jpg,pedestrian,0.0,small
FN,0000001_07999_d_0000012.jpg,pedestrian,0.0,small
FN,0000001_07999_d_0000012.jpg,people,0.0,small
FN,0000001_07999_d_0000012.jpg,people,0.0,small
FN,0000001_07999_d_0000012.jpg,people,0.0,small
FN,0000001_07999_d_0000012.jpg,people,0.0,small
FN,0000001_07999_d_0000012.jpg,people,0.0,small
FN,0000001_07999_d_0000012.jpg,people,0.0,small
FN,0000001_07999_d_0000012.jpg,people,0.0,small
FN,0000001_07999_d_0000012.jpg,people,0.0,small
FN,0000001_07999_d_0000012.jpg,people,0.0,small
FN,0000001_07999_d_0000012.jpg,people,0.0,small
FN,0000001_07999_d_0000012.jpg,pedestrian,0.0,small
FN,0000001_07999_d_0000012.jpg,motor,0.0,small
FN,0000001_07999_d_0000012.jpg,motor,0.0,small
FN,0000001_07999_d_0000012.jpg,tricycle,0.0,medium
FN,0000001_07999_d_0000012.jpg,tricycle,0.0,small
FN,0000001_07999_d_0000012.jpg,pedestrian,0.0,small
FN,0000001_07999_d_0000012.jpg,pedestrian,0.0,small
FN,0000001_07999_d_0000012.jpg,pedestrian,0.0,medium
FN,0000001_07999_d_0000012.jpg,pedestrian,0.0,small
FN,0000001_07999_d_0000012.jpg,pedestrian,0.0,small
FN,0000001_07999_d_0000012.jpg,motor,0.0,small
FN,0000001_07999_d_0000012.jpg,people,0.0,small
FN,0000001_07999_d_0000012.jpg,people,0.0,medium
FN,0000001_07999_d_0000012.jpg,people,0.0,small
FN,0000001_07999_d_0000012.jpg,people,0.0,medium
FN,0000001_07999_d_0000012.jpg,people,0.0,medium
FN,0000001_07999_d_0000012.jpg,pedestrian,0.0,medium
FN,0000001_07999_d_0000012.jpg,pedestrian,0.0,medium
FN,0000001_07999_d_0000012.jpg,pedestrian,0.0,medium
FN,0000001_07999_d_0000012.jpg,pedestrian,0.0,medium
FN,0000001_07999_d_0000012.jpg,motor,0.0,medium
FN,0000001_07999_d_0000012.jpg,motor,0.0,medium
FN,0000001_07999_d_0000012.jpg,motor,0.0,medium
FN,0000001_07999_d_0000012.jpg,motor,0.0,medium
FN,0000001_07999_d_0000012.jpg,motor,0.0,medium
FN,0000001_07999_d_0000012.jpg,motor,0.0,medium
FN,0000001_07999_d_0000012.jpg,tricycle,0.0,medium
FN,0000001_07999_d_0000012.jpg,bicycle,0.0,medium
FP,0000001_08414_d_0000013.jpg,pedestrian,0.523291826248169,medium
FP,0000001_08414_d_0000013.jpg,bicycle,0.5201069116592407,medium
FP,0000001_08414_d_0000013.jpg,motor,0.4942183792591095,medium
FP,0000001_08414_d_0000013.jpg,car,0.3387174606323242,medium
FP,0000001_08414_d_0000013.jpg,motor,0.33654481172561646,small
FP,0000001_08414_d_0000013.jpg,motor,0.32766199111938477,medium
FP,0000001_08414_d_0000013.jpg,pedestrian,0.3219500780105591,medium
FP,0000001_08414_d_0000013.jpg,pedestrian,0.3153907358646393,medium
FP,0000001_08414_d_0000013.jpg,bicycle,0.2988106906414032,medium
FP,0000001_08414_d_0000013.jpg,pedestrian,0.29629242420196533,medium
FP,0000001_08414_d_0000013.jpg,pedestrian,0.2822251617908478,medium
FP,0000001_08414_d_0000013.jpg,motor,0.28070589900016785,medium
FP,0000001_08414_d_0000013.jpg,motor,0.27456480264663696,medium
FP,0000001_08414_d_0000013.jpg,motor,0.2685459554195404,medium
FP,0000001_08414_d_0000013.jpg,car,0.2527356445789337,medium
FN,0000001_08414_d_0000013.jpg,pedestrian,0.0,medium
FN,0000001_08414_d_0000013.jpg,people,0.0,medium
FN,0000001_08414_d_0000013.jpg,people,0.0,medium
FN,0000001_08414_d_0000013.jpg,motor,0.0,medium
FN,0000001_08414_d_0000013.jpg,people,0.0,medium
FN,0000001_08414_d_0000013.jpg,pedestrian,0.0,medium
FN,0000001_08414_d_0000013.jpg,bicycle,0.0,medium
FN,0000001_08414_d_0000013.jpg,pedestrian,0.0,medium
FN,0000001_08414_d_0000013.jpg,tricycle,0.0,medium
FN,0000001_08414_d_0000013.jpg,people,0.0,medium
FN,0000001_08414_d_0000013.jpg,tricycle,0.0,medium
FN,0000001_08414_d_0000013.jpg,motor,0.0,medium
FN,0000001_08414_d_0000013.jpg,people,0.0,medium
FN,0000001_08414_d_0000013.jpg,people,0.0,medium
FN,0000001_08414_d_0000013.jpg,motor,0.0,medium
FN,0000001_08414_d_0000013.jpg,people,0.0,medium
FN,0000001_08414_d_0000013.jpg,pedestrian,0.0,medium
FN,0000001_08414_d_0000013.jpg,car,0.0,medium
FN,0000001_08414_d_0000013.jpg,people,0.0,medium
FN,0000001_08414_d_0000013.jpg,people,0.0,medium
FN,0000001_08414_d_0000013.jpg,people,0.0,small
FN,0000001_08414_d_0000013.jpg,people,0.0,small
FN,0000001_08414_d_0000013.jpg,people,0.0,medium
FN,0000001_08414_d_0000013.jpg,people,0.0,medium
FN,0000001_08414_d_0000013.jpg,people,0.0,small
FN,0000001_08414_d_0000013.jpg,people,0.0,small
FN,0000001_08414_d_0000013.jpg,people,0.0,small
FN,0000001_08414_d_0000013.jpg,people,0.0,small
FN,0000001_08414_d_0000013.jpg,people,0.0,small
FN,0000001_08414_d_0000013.jpg,people,0.0,small
FN,0000001_08414_d_0000013.jpg,people,0.0,medium
FN,0000001_08414_d_0000013.jpg,people,0.0,small
FN,0000001_08414_d_0000013.jpg,people,0.0,medium
FN,0000001_08414_d_0000013.jpg,people,0.0,small
FN,0000001_08414_d_0000013.jpg,people,0.0,small
FN,0000001_08414_d_0000013.jpg,people,0.0,small
FN,0000001_08414_d_0000013.jpg,motor,0.0,small
FN,0000001_08414_d_0000013.jpg,motor,0.0,medium
FN,0000001_08414_d_0000013.jpg,motor,0.0,small
FN,0000001_08414_d_0000013.jpg,motor,0.0,medium
FN,0000001_08414_d_0000013.jpg,motor,0.0,small
FN,0000001_08414_d_0000013.jpg,motor,0.0,medium
FN,0000001_08414_d_0000013.jpg,motor,0.0,small
FN,0000001_08414_d_0000013.jpg,motor,0.0,medium
FN,0000001_08414_d_0000013.jpg,motor,0.0,medium
FN,0000001_08414_d_0000013.jpg,motor,0.0,medium
FN,0000001_08414_d_0000013.jpg,motor,0.0,medium
FN,0000001_08414_d_0000013.jpg,motor,0.0,medium
FN,0000001_08414_d_0000013.jpg,people,0.0,medium
FN,0000001_08414_d_0000013.jpg,pedestrian,0.0,medium
FN,0000001_08414_d_0000013.jpg,people,0.0,small
FN,0000001_08414_d_0000013.jpg,people,0.0,small
FN,0000001_08414_d_0000013.jpg,people,0.0,small
FN,0000001_08414_d_0000013.jpg,people,0.0,small
FN,0000001_08414_d_0000013.jpg,people,0.0,small
FN,0000001_08414_d_0000013.jpg,people,0.0,small
FN,0000001_08414_d_0000013.jpg,car,0.0,large
FN,0000001_08414_d_0000013.jpg,people,0.0,small
FN,0000001_08414_d_0000013.jpg,motor,0.0,small
FN,0000001_08414_d_0000013.jpg,people,0.0,small
FN,0000001_08414_d_0000013.jpg,people,0.0,small
FN,0000001_08414_d_0000013.jpg,awning-tricycle,0.0,medium
FN,0000001_08414_d_0000013.jpg,pedestrian,0.0,medium
FN,0000001_08414_d_0000013.jpg,pedestrian,0.0,medium
FN,0000001_08414_d_0000013.jpg,pedestrian,0.0,medium
FN,0000001_08414_d_0000013.jpg,pedestrian,0.0,small
FN,0000001_08414_d_0000013.jpg,pedestrian,0.0,medium
FN,0000001_08414_d_0000013.jpg,pedestrian,0.0,medium
FN,0000001_08414_d_0000013.jpg,pedestrian,0.0,small
FN,0000001_08414_d_0000013.jpg,motor,0.0,small
FN,0000001_08414_d_0000013.jpg,people,0.0,small
FN,0000001_08414_d_0000013.jpg,people,0.0,small
FN,0000001_08414_d_0000013.jpg,pedestrian,0.0,small
FN,0000001_08414_d_0000013.jpg,pedestrian,0.0,medium
FN,0000001_08414_d_0000013.jpg,motor,0.0,medium
FN,0000001_08414_d_0000013.jpg,people,0.0,medium
FN,0000001_08414_d_0000013.jpg,people,0.0,small
FN,0000001_08414_d_0000013.jpg,car,0.0,medium
FN,0000001_08414_d_0000013.jpg,motor,0.0,small
FN,0000001_08414_d_0000013.jpg,tricycle,0.0,medium
FN,0000001_08414_d_0000013.jpg,people,0.0,medium
FN,0000001_08414_d_0000013.jpg,tricycle,0.0,medium
FN,0000001_08414_d_0000013.jpg,tricycle,0.0,medium
FN,0000001_08414_d_0000013.jpg,pedestrian,0.0,small
FN,0000001_08414_d_0000013.jpg,pedestrian,0.0,medium
FN,0000001_08414_d_0000013.jpg,pedestrian,0.0,medium
FN,0000001_08414_d_0000013.jpg,car,0.0,large
FN,0000001_08414_d_0000013.jpg,motor,0.0,small
FN,0000001_08414_d_0000013.jpg,motor,0.0,small
FN,0000001_08414_d_0000013.jpg,motor,0.0,small
FN,0000001_08414_d_0000013.jpg,people,0.0,small
FN,0000001_08414_d_0000013.jpg,motor,0.0,small
FN,0000001_08414_d_0000013.jpg,people,0.0,small
FN,0000001_08414_d_0000013.jpg,motor,0.0,small
FN,0000001_08414_d_0000013.jpg,people,0.0,small
FN,0000001_08414_d_0000013.jpg,bicycle,0.0,small
FN,0000001_08414_d_0000013.jpg,motor,0.0,small
FN,0000001_08414_d_0000013.jpg,motor,0.0,small
FN,0000001_08414_d_0000013.jpg,motor,0.0,small
FN,0000001_08414_d_0000013.jpg,pedestrian,0.0,small
FN,0000001_08414_d_0000013.jpg,pedestrian,0.0,small
FP,0000021_00000_d_0000001.jpg,people,0.3898713290691376,medium
FP,0000021_00000_d_0000001.jpg,bicycle,0.2927982807159424,medium
FN,0000021_00000_d_0000001.jpg,pedestrian,0.0,small
FN,0000021_00000_d_0000001.jpg,pedestrian,0.0,small
FN,0000021_00000_d_0000001.jpg,pedestrian,0.0,small
FN,0000021_00000_d_0000001.jpg,people,0.0,small
FN,0000021_00000_d_0000001.jpg,people,0.0,small
FN,0000021_00000_d_0000001.jpg,motor,0.0,small
FN,0000021_00000_d_0000001.jpg,tricycle,0.0,small
FN,0000021_00000_d_0000001.jpg,tricycle,0.0,small
FN,0000021_00000_d_0000001.jpg,people,0.0,small
FN,0000021_00000_d_0000001.jpg,motor,0.0,medium
FN,0000021_00000_d_0000001.jpg,people,0.0,medium
FN,0000021_00000_d_0000001.jpg,motor,0.0,medium
FN,0000021_00000_d_0000001.jpg,people,0.0,small
FN,0000021_00000_d_0000001.jpg,people,0.0,small
FN,0000021_00000_d_0000001.jpg,people,0.0,small
FN,0000021_00000_d_0000001.jpg,people,0.0,small
FN,0000021_00000_d_0000001.jpg,people,0.0,small
FN,0000021_00000_d_0000001.jpg,pedestrian,0.0,small
FN,0000021_00000_d_0000001.jpg,pedestrian,0.0,small
FN,0000021_00000_d_0000001.jpg,pedestrian,0.0,small
FN,0000021_00000_d_0000001.jpg,motor,0.0,small
FN,0000021_00000_d_0000001.jpg,people,0.0,small
FN,0000021_00000_d_0000001.jpg,people,0.0,small
FN,0000021_00500_d_0000002.jpg,tricycle,0.0,small
FN,0000021_00500_d_0000002.jpg,tricycle,0.0,small
FN,0000021_00500_d_0000002.jpg,people,0.0,small
FN,0000021_00500_d_0000002.jpg,people,0.0,small
FN,0000021_00500_d_0000002.jpg,pedestrian,0.0,small
FN,0000021_00500_d_0000002.jpg,people,0.0,small
FN,0000021_00500_d_0000002.jpg,tricycle,0.0,small
FP,0000021_00800_d_0000003.jpg,pedestrian,0.5301870703697205,medium
FP,0000021_00800_d_0000003.jpg,people,0.488589346408844,small
FP,0000021_00800_d_0000003.jpg,people,0.38427290320396423,small
FN,0000021_00800_d_0000003.jpg,people,0.0,small
FN,0000021_00800_d_0000003.jpg,tricycle,0.0,small
FP,0000022_00000_d_0000004.jpg,pedestrian,0.6232185959815979,medium
FP,0000022_00000_d_0000004.jpg,pedestrian,0.4478423297405243,small
FP,0000022_00000_d_0000004.jpg,pedestrian,0.3357603847980499,small
FP,0000022_00000_d_0000004.jpg,pedestrian,0.3175777196884155,medium
FP,0000022_00000_d_0000004.jpg,pedestrian,0.2592966854572296,medium
FP,0000022_00000_d_0000004.jpg,pedestrian,0.25827810168266296,small
FN,0000022_00000_d_0000004.jpg,motor,0.0,small
FN,0000022_00000_d_0000004.jpg,people,0.0,small
FN,0000022_00000_d_0000004.jpg,people,0.0,medium
FN,0000022_00000_d_0000004.jpg,people,0.0,small
FN,0000022_00000_d_0000004.jpg,people,0.0,small
FN,0000022_00000_d_0000004.jpg,motor,0.0,small
FN,0000022_00000_d_0000004.jpg,people,0.0,small
FN,0000022_00000_d_0000004.jpg,people,0.0,small
FN,0000022_00000_d_0000004.jpg,pedestrian,0.0,small
FN,0000022_00000_d_0000004.jpg,pedestrian,0.0,small
FN,0000022_00000_d_0000004.jpg,bicycle,0.0,small
FN,0000022_00000_d_0000004.jpg,pedestrian,0.0,small
FN,0000022_00000_d_0000004.jpg,pedestrian,0.0,small
FN,0000022_00000_d_0000004.jpg,pedestrian,0.0,small
FN,0000022_00000_d_0000004.jpg,motor,0.0,small
FN,0000022_00000_d_0000004.jpg,pedestrian,0.0,small
FN,0000022_00000_d_0000004.jpg,pedestrian,0.0,small
FP,0000022_00500_d_0000005.jpg,pedestrian,0.6049743294715881,medium
FP,0000022_00500_d_0000005.jpg,pedestrian,0.4084100127220154,medium
FP,0000022_00500_d_0000005.jpg,pedestrian,0.35785654187202454,medium
FP,0000022_00500_d_0000005.jpg,people,0.308491051197052,medium
FP,0000022_00500_d_0000005.jpg,pedestrian,0.27459216117858887,medium
FN,0000022_00500_d_0000005.jpg,pedestrian,0.0,medium
FN,0000022_00500_d_0000005.jpg,pedestrian,0.0,small
FN,0000022_00500_d_0000005.jpg,pedestrian,0.0,small
FN,0000022_00500_d_0000005.jpg,pedestrian,0.0,small
FN,0000022_00500_d_0000005.jpg,pedestrian,0.0,small
FN,0000022_00500_d_0000005.jpg,pedestrian,0.0,small
FN,0000022_00500_d_0000005.jpg,people,0.0,small
FN,0000022_00500_d_0000005.jpg,people,0.0,medium
FN,0000022_00500_d_0000005.jpg,people,0.0,medium
FN,0000022_00500_d_0000005.jpg,motor,0.0,medium
FN,0000022_00500_d_0000005.jpg,motor,0.0,medium
FP,0000022_01036_d_0000006.jpg,pedestrian,0.4614788889884949,medium
FP,0000022_01036_d_0000006.jpg,bicycle,0.435004323720932,medium
FP,0000022_01036_d_0000006.jpg,pedestrian,0.30356907844543457,small
FN,0000022_01036_d_0000006.jpg,bicycle,0.0,medium
FN,0000022_01036_d_0000006.jpg,pedestrian,0.0,medium
FN,0000022_01036_d_0000006.jpg,people,0.0,medium
FN,0000022_01036_d_0000006.jpg,people,0.0,medium
FN,0000022_01036_d_0000006.jpg,pedestrian,0.0,medium
FP,0000022_01251_d_0000007.jpg,people,0.4541957676410675,medium
FP,0000022_01251_d_0000007.jpg,people,0.43059971928596497,medium
FP,0000022_01251_d_0000007.jpg,people,0.35643264651298523,medium
FP,0000022_01251_d_0000007.jpg,pedestrian,0.32921940088272095,medium
FP,0000022_01251_d_0000007.jpg,pedestrian,0.32303276658058167,medium
FP,0000022_01251_d_0000007.jpg,motor,0.2717796862125397,small
FN,0000022_01251_d_0000007.jpg,people,0.0,medium
FN,0000022_01251_d_0000007.jpg,people,0.0,medium
FN,0000022_01251_d_0000007.jpg,pedestrian,0.0,medium
FN,0000022_01251_d_0000007.jpg,people,0.0,medium
FP,0000023_00000_d_0000008.jpg,pedestrian,0.6232185959815979,medium
FP,0000023_00000_d_0000008.jpg,pedestrian,0.5259640216827393,small
FP,0000023_00000_d_0000008.jpg,pedestrian,0.4478423297405243,small
FP,0000023_00000_d_0000008.jpg,pedestrian,0.3175777196884155,medium
FP,0000023_00000_d_0000008.jpg,pedestrian,0.2954484522342682,small
FP,0000023_00000_d_0000008.jpg,pedestrian,0.26900631189346313,small
FP,0000023_00000_d_0000008.jpg,pedestrian,0.2592966854572296,medium
FP,0000023_00000_d_0000008.jpg,pedestrian,0.25827810168266296,small
FN,0000023_00000_d_0000008.jpg,awning-tricycle,0.0,medium
FN,0000023_00000_d_0000008.jpg,motor,0.0,small
FN,0000023_00000_d_0000008.jpg,people,0.0,small
FN,0000023_00000_d_0000008.jpg,people,0.0,small
FN,0000023_00000_d_0000008.jpg,pedestrian,0.0,small
FN,0000023_00000_d_0000008.jpg,pedestrian,0.0,small
FN,0000023_00000_d_0000008.jpg,pedestrian,0.0,small
FN,0000023_00000_d_0000008.jpg,pedestrian,0.0,small
FN,0000023_00000_d_0000008.jpg,car,0.0,medium
FN,0000023_00000_d_0000008.jpg,pedestrian,0.0,small
FN,0000023_00000_d_0000008.jpg,pedestrian,0.0,small
FN,0000023_00000_d_0000008.jpg,pedestrian,0.0,small
FN,0000023_00000_d_0000008.jpg,motor,0.0,small
FN,0000023_00000_d_0000008.jpg,people,0.0,small
FN,0000023_00000_d_0000008.jpg,people,0.0,small
FN,0000023_00000_d_0000008.jpg,people,0.0,small
FN,0000023_00000_d_0000008.jpg,people,0.0,small
FN,0000023_00000_d_0000008.jpg,motor,0.0,small
FP,0000023_00300_d_0000009.jpg,pedestrian,0.6950569152832031,medium
FP,0000023_00300_d_0000009.jpg,pedestrian,0.4603886604309082,small
FP,0000023_00300_d_0000009.jpg,motor,0.310158908367157,medium
FP,0000023_00300_d_0000009.jpg,pedestrian,0.30521661043167114,small
FP,0000023_00300_d_0000009.jpg,people,0.27759096026420593,small
FN,0000023_00300_d_0000009.jpg,people,0.0,small
FN,0000023_00300_d_0000009.jpg,people,0.0,small
FN,0000023_00300_d_0000009.jpg,motor,0.0,medium
FN,0000023_00300_d_0000009.jpg,motor,0.0,medium
FN,0000023_00300_d_0000009.jpg,motor,0.0,small
FN,0000023_00300_d_0000009.jpg,pedestrian,0.0,small
FN,0000023_00300_d_0000009.jpg,pedestrian,0.0,small
FN,0000023_00300_d_0000009.jpg,motor,0.0,small
FN,0000023_00300_d_0000009.jpg,pedestrian,0.0,small
FN,0000023_00300_d_0000009.jpg,pedestrian,0.0,small
FN,0000023_00300_d_0000009.jpg,pedestrian,0.0,small
FN,0000023_00300_d_0000009.jpg,motor,0.0,small
FP,0000023_00868_d_0000010.jpg,people,0.6277685165405273,medium
FP,0000023_00868_d_0000010.jpg,bicycle,0.43672797083854675,large
FN,0000023_00868_d_0000010.jpg,people,0.0,medium
FN,0000023_00868_d_0000010.jpg,people,0.0,medium
FN,0000023_00868_d_0000010.jpg,motor,0.0,medium
FN,0000023_00868_d_0000010.jpg,people,0.0,small
FN,0000023_00868_d_0000010.jpg,motor,0.0,small
FN,0000023_00868_d_0000010.jpg,people,0.0,small
FN,0000023_00868_d_0000010.jpg,tricycle,0.0,small
FP,0000023_01233_d_0000011.jpg,car,0.6657034754753113,medium
FP,0000023_01233_d_0000011.jpg,people,0.4634321630001068,small
FP,0000023_01233_d_0000011.jpg,people,0.38963577151298523,medium
FP,0000023_01233_d_0000011.jpg,pedestrian,0.30739596486091614,medium
FP,0000023_01233_d_0000011.jpg,car,0.2857653796672821,medium
FP,0000023_01233_d_0000011.jpg,pedestrian,0.2536320090293884,medium
FN,0000023_01233_d_0000011.jpg,pedestrian,0.0,large
FN,0000023_01233_d_0000011.jpg,people,0.0,medium
FN,0000023_01233_d_0000011.jpg,pedestrian,0.0,medium
FN,0000023_01233_d_0000011.jpg,people,0.0,medium
FN,0000023_01233_d_0000011.jpg,people,0.0,medium
FP,0000024_00000_d_0000012.jpg,pedestrian,0.39759570360183716,medium
FP,0000024_00000_d_0000012.jpg,pedestrian,0.3569372892379761,medium
FP,0000024_00000_d_0000012.jpg,people,0.35210472345352173,medium
FP,0000024_00000_d_0000012.jpg,people,0.32669714093208313,medium
FP,0000024_00000_d_0000012.jpg,pedestrian,0.3174058198928833,medium
FP,0000024_00000_d_0000012.jpg,pedestrian,0.30050504207611084,medium
FP,0000024_00000_d_0000012.jpg,people,0.26797911524772644,medium
FP,0000024_00000_d_0000012.jpg,people,0.26401373744010925,medium
FP,0000024_00000_d_0000012.jpg,people,0.2612937390804291,medium
FN,0000024_00000_d_0000012.jpg,pedestrian,0.0,medium
FN,0000024_00000_d_0000012.jpg,pedestrian,0.0,medium
FN,0000024_00000_d_0000012.jpg,pedestrian,0.0,medium
FN,0000024_00000_d_0000012.jpg,pedestrian,0.0,medium
FN,0000024_00000_d_0000012.jpg,motor,0.0,medium
FN,0000024_00000_d_0000012.jpg,motor,0.0,medium
FN,0000024_00000_d_0000012.jpg,pedestrian,0.0,small
FN,0000024_00000_d_0000012.jpg,pedestrian,0.0,small
FN,0000024_00000_d_0000012.jpg,bicycle,0.0,small
FN,0000024_00000_d_0000012.jpg,motor,0.0,small
FN,0000024_00000_d_0000012.jpg,bicycle,0.0,small
FN,0000024_00000_d_0000012.jpg,pedestrian,0.0,small
FP,0000024_00500_d_0000013.jpg,people,0.5720911622047424,medium
FP,0000024_00500_d_0000013.jpg,people,0.3737659752368927,medium
FP,0000024_00500_d_0000013.jpg,people,0.3522968888282776,medium
FP,0000024_00500_d_0000013.jpg,people,0.3155589997768402,medium
FN,0000024_00500_d_0000013.jpg,people,0.0,medium
FN,0000024_00500_d_0000013.jpg,people,0.0,small
FN,0000024_00500_d_0000013.jpg,motor,0.0,medium
FP,0000024_01000_d_0000014.jpg,pedestrian,0.33412671089172363,medium
FN,0000024_01000_d_0000014.jpg,pedestrian,0.0,small
FN,0000024_01000_d_0000014.jpg,pedestrian,0.0,small
FN,0000024_01000_d_0000014.jpg,motor,0.0,small
FN,0000024_01000_d_0000014.jpg,awning-tricycle,0.0,small
FN,0000024_01000_d_0000014.jpg,pedestrian,0.0,medium
FN,0000024_01000_d_0000014.jpg,pedestrian,0.0,small
FN,0000024_01000_d_0000014.jpg,pedestrian,0.0,small
FN,0000024_01000_d_0000014.jpg,pedestrian,0.0,small
FN,0000024_01000_d_0000014.jpg,pedestrian,0.0,small
FP,0000024_01543_d_0000015.jpg,car,0.5074147582054138,medium
FN,0000024_01543_d_0000015.jpg,pedestrian,0.0,medium
FN,0000024_01543_d_0000015.jpg,motor,0.0,medium
FP,0000026_00500_d_0000025.jpg,car,0.3941766023635864,large
FP,0000026_00500_d_0000025.jpg,pedestrian,0.3935461640357971,medium
FP,0000026_00500_d_0000025.jpg,motor,0.2966192364692688,large
FP,0000026_01000_d_0000026.jpg,van,0.48110243678092957,large
FP,0000026_01000_d_0000026.jpg,pedestrian,0.26927605271339417,medium
FN,0000026_01000_d_0000026.jpg,motor,0.0,medium
FP,0000026_01500_d_0000027.jpg,car,0.5880036354064941,large
FP,0000026_01500_d_0000027.jpg,car,0.28512072563171387,large
FP,0000026_02000_d_0000028.jpg,bicycle,0.5807164311408997,medium
FP,0000026_02000_d_0000028.jpg,car,0.4319913387298584,large
FP,0000026_02500_d_0000029.jpg,pedestrian,0.4715801775455475,medium
FP,0000026_02500_d_0000029.jpg,pedestrian,0.39305734634399414,medium
FP,0000026_02500_d_0000029.jpg,pedestrian,0.3533004820346832,medium
FN,0000026_02500_d_0000029.jpg,pedestrian,0.0,medium
FN,0000026_02500_d_0000029.jpg,pedestrian,0.0,small
FN,0000026_02500_d_0000029.jpg,pedestrian,0.0,small
FN,0000026_02500_d_0000029.jpg,pedestrian,0.0,small
FP,0000026_03000_d_0000030.jpg,car,0.44519221782684326,large
FN,0000026_03000_d_0000030.jpg,car,0.0,medium
FP,0000026_03500_d_0000031.jpg,car,0.6619066596031189,large
FN,0000026_03500_d_0000031.jpg,car,0.0,large
FN,0000026_03500_d_0000031.jpg,pedestrian,0.0,medium
FP,0000026_04000_d_0000032.jpg,car,0.29987257719039917,large
FP,0000026_04000_d_0000032.jpg,car,0.27443739771842957,medium
FP,0000026_04500_d_0000033.jpg,van,0.47032248973846436,medium
FP,0000026_04500_d_0000033.jpg,car,0.4679858386516571,medium
FP,0000026_04500_d_0000033.jpg,car,0.4546012580394745,medium
FP,0000026_04500_d_0000033.jpg,car,0.4144381880760193,medium
FP,0000026_04500_d_0000033.jpg,van,0.41337722539901733,medium
FP,0000026_04500_d_0000033.jpg,car,0.41117411851882935,medium
FP,0000026_04500_d_0000033.jpg,car,0.3919294774532318,medium
FP,0000026_04500_d_0000033.jpg,car,0.31717586517333984,medium
FP,0000026_04500_d_0000033.jpg,car,0.2997705936431885,medium
FP,0000026_04500_d_0000033.jpg,car,0.28472641110420227,medium
FP,0000026_04500_d_0000033.jpg,car,0.2763768434524536,medium
FP,0000026_04500_d_0000033.jpg,pedestrian,0.2520955204963684,small
FN,0000026_04500_d_0000033.jpg,car,0.0,medium
FN,0000026_04500_d_0000033.jpg,car,0.0,medium
FN,0000026_04500_d_0000033.jpg,car,0.0,medium
FN,0000026_04500_d_0000033.jpg,car,0.0,medium
FN,0000026_04500_d_0000033.jpg,car,0.0,medium
FN,0000026_04500_d_0000033.jpg,pedestrian,0.0,small
FN,0000026_04500_d_0000033.jpg,pedestrian,0.0,small
FN,0000026_04500_d_0000033.jpg,car,0.0,medium
FN,0000026_04500_d_0000033.jpg,car,0.0,medium
FN,0000026_04500_d_0000033.jpg,bicycle,0.0,small
FN,0000026_04500_d_0000033.jpg,motor,0.0,small
FN,0000026_04500_d_0000033.jpg,motor,0.0,small
FN,0000026_04500_d_0000033.jpg,car,0.0,small
FN,0000026_04500_d_0000033.jpg,car,0.0,small
FN,0000026_04500_d_0000033.jpg,car,0.0,small
FN,0000026_04500_d_0000033.jpg,car,0.0,small
FN,0000026_04500_d_0000033.jpg,pedestrian,0.0,small
FP,0000026_04978_d_0000034.jpg,car,0.29920557141304016,large
FP,0000026_04978_d_0000034.jpg,pedestrian,0.27384892106056213,medium
FN,0000026_04978_d_0000034.jpg,car,0.0,large
FN,0000026_04978_d_0000034.jpg,car,0.0,large
FN,0000026_04978_d_0000034.jpg,pedestrian,0.0,small
FN,0000026_04978_d_0000034.jpg,people,0.0,small
FN,0000026_04978_d_0000034.jpg,people,0.0,small
FN,0000026_04978_d_0000034.jpg,people,0.0,small
FN,0000026_04978_d_0000034.jpg,motor,0.0,small
FN,0000026_04978_d_0000034.jpg,people,0.0,small
FN,0000026_04978_d_0000034.jpg,people,0.0,small
FN,0000026_04978_d_0000034.jpg,tricycle,0.0,medium
FN,0000026_04978_d_0000034.jpg,motor,0.0,small
FN,0000026_04978_d_0000034.jpg,van,0.0,medium
FN,0000026_04978_d_0000034.jpg,motor,0.0,small
FP,0000055_00000_d_0000109.jpg,pedestrian,0.7096805572509766,medium
FP,0000055_00000_d_0000109.jpg,pedestrian,0.6778864860534668,medium
FP,0000055_00000_d_0000109.jpg,pedestrian,0.46673402190208435,medium
FP,0000055_00000_d_0000109.jpg,pedestrian,0.3769388794898987,medium
FP,0000055_00000_d_0000109.jpg,pedestrian,0.26790711283683777,medium
FP,0000055_00000_d_0000109.jpg,pedestrian,0.2658936083316803,medium
FP,0000055_00000_d_0000109.jpg,motor,0.25932779908180237,medium
FP,0000055_00000_d_0000109.jpg,pedestrian,0.2591651976108551,medium
FP,0000055_00000_d_0000109.jpg,pedestrian,0.2506270110607147,medium
FN,0000055_00000_d_0000109.jpg,pedestrian,0.0,medium
FN,0000055_00000_d_0000109.jpg,pedestrian,0.0,small
FN,0000055_00000_d_0000109.jpg,people,0.0,medium
FN,0000055_00000_d_0000109.jpg,people,0.0,medium
FN,0000055_00000_d_0000109.jpg,people,0.0,medium
FN,0000055_00000_d_0000109.jpg,motor,0.0,medium
FN,0000055_00000_d_0000109.jpg,motor,0.0,medium
FN,0000055_00000_d_0000109.jpg,people,0.0,small
FN,0000055_00000_d_0000109.jpg,people,0.0,small
FN,0000055_00000_d_0000109.jpg,people,0.0,small
FN,0000055_00000_d_0000109.jpg,people,0.0,small
FN,0000055_00000_d_0000109.jpg,pedestrian,0.0,small
FN,0000055_00000_d_0000109.jpg,pedestrian,0.0,medium
FN,0000055_00000_d_0000109.jpg,motor,0.0,medium
FN,0000055_00000_d_0000109.jpg,people,0.0,medium
FN,0000055_00000_d_0000109.jpg,pedestrian,0.0,medium
FN,0000055_00000_d_0000109.jpg,motor,0.0,medium
FN,0000055_00000_d_0000109.jpg,pedestrian,0.0,medium
FN,0000055_00000_d_0000109.jpg,people,0.0,small
FN,0000055_00000_d_0000109.jpg,people,0.0,medium
FN,0000055_00000_d_0000109.jpg,pedestrian,0.0,medium
FN,0000055_00000_d_0000109.jpg,pedestrian,0.0,medium
FN,0000055_00000_d_0000109.jpg,people,0.0,small
FN,0000055_00000_d_0000109.jpg,people,0.0,small
FN,0000055_00000_d_0000109.jpg,pedestrian,0.0,small
FN,0000055_00000_d_0000109.jpg,people,0.0,small
FN,0000055_00000_d_0000109.jpg,pedestrian,0.0,small
FN,0000055_00000_d_0000109.jpg,people,0.0,small
FN,0000055_00000_d_0000109.jpg,people,0.0,small
FN,0000055_00000_d_0000109.jpg,pedestrian,0.0,medium
FN,0000055_00000_d_0000109.jpg,pedestrian,0.0,medium
FN,0000055_00000_d_0000109.jpg,people,0.0,medium
FN,0000055_00000_d_0000109.jpg,motor,0.0,medium
FN,0000055_00000_d_0000109.jpg,pedestrian,0.0,medium
FN,0000055_00000_d_0000109.jpg,pedestrian,0.0,medium
FN,0000055_00000_d_0000109.jpg,people,0.0,small
FN,0000055_00000_d_0000109.jpg,people,0.0,small
FN,0000055_00000_d_0000109.jpg,people,0.0,medium
FN,0000055_00000_d_0000109.jpg,people,0.0,small
FN,0000055_00000_d_0000109.jpg,people,0.0,medium
FN,0000055_00000_d_0000109.jpg,people,0.0,medium
FN,0000055_00000_d_0000109.jpg,motor,0.0,medium
FN,0000055_00000_d_0000109.jpg,motor,0.0,medium
FN,0000055_00000_d_0000109.jpg,pedestrian,0.0,small
FN,0000055_00000_d_0000109.jpg,motor,0.0,medium
FN,0000055_00000_d_0000109.jpg,tricycle,0.0,medium
FN,0000055_00000_d_0000109.jpg,people,0.0,small
FN,0000055_00000_d_0000109.jpg,people,0.0,small
FN,0000055_00000_d_0000109.jpg,people,0.0,small
FN,0000055_00000_d_0000109.jpg,motor,0.0,medium
FN,0000055_00000_d_0000109.jpg,pedestrian,0.0,medium
FN,0000055_00000_d_0000109.jpg,pedestrian,0.0,medium
FP,0000055_00714_d_0000110.jpg,people,0.5575013756752014,medium
FP,0000055_00714_d_0000110.jpg,car,0.48167216777801514,medium
FP,0000055_00714_d_0000110.jpg,pedestrian,0.46817323565483093,medium
FP,0000055_00714_d_0000110.jpg,pedestrian,0.4390402138233185,medium
FP,0000055_00714_d_0000110.jpg,pedestrian,0.4293905794620514,medium
FP,0000055_00714_d_0000110.jpg,pedestrian,0.41376280784606934,medium
FP,0000055_00714_d_0000110.jpg,pedestrian,0.4004653990268707,medium
FP,0000055_00714_d_0000110.jpg,pedestrian,0.3914400041103363,large
FP,0000055_00714_d_0000110.jpg,pedestrian,0.37772223353385925,medium
FP,0000055_00714_d_0000110.jpg,people,0.37395820021629333,medium
FP,0000055_00714_d_0000110.jpg,people,0.32893097400665283,medium
FP,0000055_00714_d_0000110.jpg,pedestrian,0.3042110204696655,medium
FP,0000055_00714_d_0000110.jpg,pedestrian,0.29610514640808105,medium
FP,0000055_00714_d_0000110.jpg,pedestrian,0.28909820318222046,medium
FP,0000055_00714_d_0000110.jpg,pedestrian,0.2807430624961853,medium
FP,0000055_00714_d_0000110.jpg,pedestrian,0.27288392186164856,small
FP,0000055_00714_d_0000110.jpg,pedestrian,0.25286462903022766,medium
FN,0000055_00714_d_0000110.jpg,bicycle,0.0,medium
FN,0000055_00714_d_0000110.jpg,pedestrian,0.0,medium
FN,0000055_00714_d_0000110.jpg,pedestrian,0.0,medium
FN,0000055_00714_d_0000110.jpg,people,0.0,medium
FN,0000055_00714_d_0000110.jpg,people,0.0,medium
FN,0000055_00714_d_0000110.jpg,pedestrian,0.0,medium
FN,0000055_00714_d_0000110.jpg,motor,0.0,medium
FN,0000055_00714_d_0000110.jpg,bicycle,0.0,medium
FN,0000055_00714_d_0000110.jpg,motor,0.0,medium
FN,0000055_00714_d_0000110.jpg,motor,0.0,medium
FN,0000055_00714_d_0000110.jpg,motor,0.0,medium
FN,0000055_00714_d_0000110.jpg,pedestrian,0.0,medium
FN,0000055_00714_d_0000110.jpg,people,0.0,medium
FN,0000055_00714_d_0000110.jpg,pedestrian,0.0,small
FN,0000055_00714_d_0000110.jpg,people,0.0,small
FN,0000055_00714_d_0000110.jpg,pedestrian,0.0,medium
FN,0000055_00714_d_0000110.jpg,bicycle,0.0,medium
FN,0000055_00714_d_0000110.jpg,people,0.0,small
FN,0000055_00714_d_0000110.jpg,people,0.0,small
FN,0000055_00714_d_0000110.jpg,people,0.0,small
FN,0000055_00714_d_0000110.jpg,people,0.0,small
FN,0000055_00714_d_0000110.jpg,motor,0.0,medium
FN,0000055_00714_d_0000110.jpg,people,0.0,small
FN,0000055_00714_d_0000110.jpg,pedestrian,0.0,medium
FN,0000055_00714_d_0000110.jpg,pedestrian,0.0,medium
FN,0000055_00714_d_0000110.jpg,motor,0.0,medium
FN,0000055_00714_d_0000110.jpg,pedestrian,0.0,medium
FN,0000055_00714_d_0000110.jpg,motor,0.0,medium
FN,0000055_00714_d_0000110.jpg,motor,0.0,small
FN,0000055_00714_d_0000110.jpg,pedestrian,0.0,small
FN,0000055_00714_d_0000110.jpg,pedestrian,0.0,medium
FN,0000055_00714_d_0000110.jpg,pedestrian,0.0,medium
FN,0000055_00714_d_0000110.jpg,people,0.0,small
FN,0000055_00714_d_0000110.jpg,pedestrian,0.0,medium
FN,0000055_00714_d_0000110.jpg,pedestrian,0.0,small
FN,0000055_00714_d_0000110.jpg,pedestrian,0.0,small
FN,0000055_00714_d_0000110.jpg,motor,0.0,small
FN,0000055_00714_d_0000110.jpg,people,0.0,medium
FN,0000055_00714_d_0000110.jpg,pedestrian,0.0,small
FN,0000055_00714_d_0000110.jpg,people,0.0,small
FN,0000055_00714_d_0000110.jpg,pedestrian,0.0,small
FP,0000069_00001_d_0000001.jpg,pedestrian,0.6494548320770264,medium
FP,0000069_00001_d_0000001.jpg,pedestrian,0.5032982230186462,medium
FP,0000069_00001_d_0000001.jpg,pedestrian,0.45577767491340637,medium
FP,0000069_00001_d_0000001.jpg,motor,0.439066082239151,medium
FP,0000069_00001_d_0000001.jpg,pedestrian,0.4384625554084778,large
FP,0000069_00001_d_0000001.jpg,motor,0.4113366901874542,medium
FP,0000069_00001_d_0000001.jpg,pedestrian,0.38645461201667786,large
FP,0000069_00001_d_0000001.jpg,pedestrian,0.2508629560470581,large
FN,0000069_00001_d_0000001.jpg,pedestrian,0.0,large
FN,0000069_00001_d_0000001.jpg,people,0.0,medium
FN,0000069_00001_d_0000001.jpg,pedestrian,0.0,medium
FN,0000069_00001_d_0000001.jpg,people,0.0,medium
FN,0000069_00001_d_0000001.jpg,people,0.0,medium
FN,0000069_00001_d_0000001.jpg,motor,0.0,medium
FN,0000069_00001_d_0000001.jpg,bicycle,0.0,medium
FN,0000069_00001_d_0000001.jpg,bicycle,0.0,medium
FN,0000069_00001_d_0000001.jpg,motor,0.0,medium
FP,0000069_00483_d_0000002.jpg,pedestrian,0.5325777530670166,medium
FP,0000069_00483_d_0000002.jpg,pedestrian,0.5221203565597534,medium
FP,0000069_00483_d_0000002.jpg,pedestrian,0.4954124987125397,medium
FP,0000069_00483_d_0000002.jpg,bicycle,0.4474610984325409,large
FP,0000069_00483_d_0000002.jpg,pedestrian,0.42732247710227966,medium
FP,0000069_00483_d_0000002.jpg,pedestrian,0.3693001866340637,medium
FN,0000069_00483_d_0000002.jpg,pedestrian,0.0,medium
FP,0000069_00713_d_0000003.jpg,pedestrian,0.7008175849914551,large
FP,0000069_00713_d_0000003.jpg,pedestrian,0.5407727956771851,medium
FP,0000069_00713_d_0000003.jpg,pedestrian,0.4137450158596039,medium
FP,0000069_00713_d_0000003.jpg,pedestrian,0.4135558009147644,medium
FP,0000069_00713_d_0000003.jpg,pedestrian,0.40162500739097595,medium
FP,0000069_00713_d_0000003.jpg,pedestrian,0.3643151521682739,medium
FP,0000069_00713_d_0000003.jpg,pedestrian,0.31921982765197754,medium
FP,0000069_00713_d_0000003.jpg,bicycle,0.2877246141433716,large
FP,0000069_00713_d_0000003.jpg,pedestrian,0.28414595127105713,medium
FP,0000069_00713_d_0000003.jpg,pedestrian,0.27870315313339233,medium
FP,0000069_00713_d_0000003.jpg,pedestrian,0.2756271958351135,medium
FP,0000069_00713_d_0000003.jpg,people,0.27343568205833435,medium
FP,0000069_00713_d_0000003.jpg,pedestrian,0.27249032258987427,medium
FN,0000069_00713_d_0000003.jpg,pedestrian,0.0,medium
FN,0000069_00713_d_0000003.jpg,pedestrian,0.0,medium
FN,0000069_00713_d_0000003.jpg,pedestrian,0.0,medium
FN,0000069_00713_d_0000003.jpg,motor,0.0,medium
FN,0000069_00713_d_0000003.jpg,motor,0.0,small
FN,0000069_00713_d_0000003.jpg,pedestrian,0.0,small
FN,0000069_00713_d_0000003.jpg,pedestrian,0.0,medium
FN,0000069_00713_d_0000003.jpg,pedestrian,0.0,medium
FN,0000069_00713_d_0000003.jpg,pedestrian,0.0,medium
FN,0000069_00713_d_0000003.jpg,people,0.0,medium
FN,0000069_00713_d_0000003.jpg,people,0.0,small
FN,0000069_00713_d_0000003.jpg,people,0.0,medium
FN,0000069_00713_d_0000003.jpg,people,0.0,small
FN,0000069_00713_d_0000003.jpg,pedestrian,0.0,medium
FN,0000069_00713_d_0000003.jpg,pedestrian,0.0,medium
FN,0000069_00713_d_0000003.jpg,pedestrian,0.0,medium
FN,0000069_00713_d_0000003.jpg,people,0.0,small
FN,0000069_00713_d_0000003.jpg,people,0.0,small
FN,0000069_00713_d_0000003.jpg,people,0.0,small
FN,0000069_00713_d_0000003.jpg,people,0.0,small
FP,0000069_01109_d_0000004.jpg,pedestrian,0.6492763757705688,medium
FP,0000069_01109_d_0000004.jpg,pedestrian,0.6197284460067749,medium
FP,0000069_01109_d_0000004.jpg,pedestrian,0.5444000363349915,medium
FP,0000069_01109_d_0000004.jpg,pedestrian,0.3950307071208954,medium
FP,0000069_01109_d_0000004.jpg,people,0.3023512661457062,medium
FN,0000069_01109_d_0000004.jpg,pedestrian,0.0,medium
FN,0000069_01109_d_0000004.jpg,pedestrian,0.0,medium
FN,0000069_01109_d_0000004.jpg,pedestrian,0.0,medium
FN,0000069_01109_d_0000004.jpg,pedestrian,0.0,medium
FN,0000069_01109_d_0000004.jpg,pedestrian,0.0,medium
FN,0000069_01109_d_0000004.jpg,pedestrian,0.0,large
FN,0000069_01109_d_0000004.jpg,pedestrian,0.0,medium
FN,0000069_01109_d_0000004.jpg,motor,0.0,medium
FN,0000069_01109_d_0000004.jpg,bicycle,0.0,medium
FN,0000069_01109_d_0000004.jpg,bicycle,0.0,medium
FN,0000069_01109_d_0000004.jpg,pedestrian,0.0,medium
FP,0000069_01878_d_0000005.jpg,pedestrian,0.5472195148468018,medium
FP,0000069_01878_d_0000005.jpg,pedestrian,0.4396415948867798,medium
FP,0000069_01878_d_0000005.jpg,pedestrian,0.30759456753730774,medium
FP,0000069_01878_d_0000005.jpg,pedestrian,0.258444219827652,medium
FN,0000069_01878_d_0000005.jpg,people,0.0,large
FN,0000069_01878_d_0000005.jpg,pedestrian,0.0,large
FN,0000069_01878_d_0000005.jpg,pedestrian,0.0,large
FN,0000069_01878_d_0000005.jpg,pedestrian,0.0,medium
FN,0000069_01878_d_0000005.jpg,people,0.0,small
FN,0000069_01878_d_0000005.jpg,bicycle,0.0,medium
FN,0000069_01878_d_0000005.jpg,pedestrian,0.0,medium
FP,0000069_02163_d_0000006.jpg,pedestrian,0.7688651084899902,medium
FP,0000069_02163_d_0000006.jpg,pedestrian,0.6322506666183472,large
FP,0000069_02163_d_0000006.jpg,pedestrian,0.5345774292945862,medium
FP,0000069_02163_d_0000006.jpg,pedestrian,0.5263118743896484,medium
FP,0000069_02163_d_0000006.jpg,pedestrian,0.5082006454467773,medium
FP,0000069_02163_d_0000006.jpg,pedestrian,0.40174394845962524,large
FP,0000069_02163_d_0000006.jpg,pedestrian,0.39146170020103455,large
FP,0000069_02163_d_0000006.jpg,pedestrian,0.37451520562171936,large
FP,0000069_02163_d_0000006.jpg,pedestrian,0.36481115221977234,medium
FP,0000069_02163_d_0000006.jpg,motor,0.35578057169914246,small
FP,0000069_02163_d_0000006.jpg,pedestrian,0.33550962805747986,medium
FP,0000069_02163_d_0000006.jpg,people,0.295797735452652,small
FP,0000069_02163_d_0000006.jpg,pedestrian,0.29462623596191406,medium
FP,0000069_02163_d_0000006.jpg,motor,0.29254597425460815,medium
FP,0000069_02163_d_0000006.jpg,pedestrian,0.2778335511684418,large
FP,0000069_02163_d_0000006.jpg,car,0.2601045072078705,medium
FN,0000069_02163_d_0000006.jpg,bicycle,0.0,medium
FN,0000069_02163_d_0000006.jpg,pedestrian,0.0,medium
FN,0000069_02163_d_0000006.jpg,pedestrian,0.0,medium
FN,0000069_02163_d_0000006.jpg,pedestrian,0.0,small
FN,0000069_02163_d_0000006.jpg,pedestrian,0.0,small
FN,0000069_02163_d_0000006.jpg,pedestrian,0.0,small
FN,0000069_02163_d_0000006.jpg,pedestrian,0.0,medium
FN,0000069_02163_d_0000006.jpg,pedestrian,0.0,medium
FN,0000069_02163_d_0000006.jpg,car,0.0,medium
FN,0000069_02163_d_0000006.jpg,car,0.0,medium
FN,0000069_02163_d_0000006.jpg,motor,0.0,small
FN,0000069_02163_d_0000006.jpg,pedestrian,0.0,small
FN,0000069_02163_d_0000006.jpg,pedestrian,0.0,small
FN,0000069_02163_d_0000006.jpg,motor,0.0,small
FN,0000069_02163_d_0000006.jpg,motor,0.0,medium
FN,0000069_02163_d_0000006.jpg,pedestrian,0.0,medium
FN,0000069_02163_d_0000006.jpg,pedestrian,0.0,medium
FN,0000069_02163_d_0000006.jpg,car,0.0,large
FN,0000069_02163_d_0000006.jpg,car,0.0,medium
FN,0000069_02163_d_0000006.jpg,car,0.0,small
FN,0000069_02163_d_0000006.jpg,tricycle,0.0,medium
FN,0000069_02163_d_0000006.jpg,people,0.0,small
FN,0000069_02163_d_0000006.jpg,bicycle,0.0,large
FP,0000069_02480_d_0000007.jpg,pedestrian,0.8474829196929932,medium
FP,0000069_02480_d_0000007.jpg,bicycle,0.4346497058868408,medium
FP,0000069_02480_d_0000007.jpg,pedestrian,0.36068958044052124,medium
FP,0000069_02480_d_0000007.jpg,pedestrian,0.3106008470058441,medium
FP,0000069_02480_d_0000007.jpg,pedestrian,0.30933678150177,medium
FP,0000069_02480_d_0000007.jpg,pedestrian,0.30605775117874146,medium
FP,0000069_02480_d_0000007.jpg,bicycle,0.29574987292289734,medium
FP,0000069_02480_d_0000007.jpg,bicycle,0.28802570700645447,medium
FP,0000069_02480_d_0000007.jpg,pedestrian,0.28314584493637085,medium
FP,0000069_02480_d_0000007.jpg,people,0.2813400328159332,medium
FP,0000069_02480_d_0000007.jpg,motor,0.2696135938167572,small
FP,0000069_02480_d_0000007.jpg,pedestrian,0.2601093649864197,medium
FN,0000069_02480_d_0000007.jpg,pedestrian,0.0,medium
FN,0000069_02480_d_0000007.jpg,pedestrian,0.0,medium
FN,0000069_02480_d_0000007.jpg,pedestrian,0.0,medium
FN,0000069_02480_d_0000007.jpg,people,0.0,large
FN,0000069_02480_d_0000007.jpg,people,0.0,medium
FN,0000069_02480_d_0000007.jpg,people,0.0,large
FN,0000069_02480_d_0000007.jpg,pedestrian,0.0,medium
FN,0000069_02480_d_0000007.jpg,pedestrian,0.0,medium
FN,0000069_02480_d_0000007.jpg,pedestrian,0.0,medium
FN,0000069_02480_d_0000007.jpg,pedestrian,0.0,medium
FN,0000069_02480_d_0000007.jpg,pedestrian,0.0,small
FN,0000069_02480_d_0000007.jpg,pedestrian,0.0,small
FN,0000069_02480_d_0000007.jpg,pedestrian,0.0,medium
FN,0000069_02480_d_0000007.jpg,pedestrian,0.0,medium
FN,0000069_02480_d_0000007.jpg,car,0.0,medium
FN,0000069_02480_d_0000007.jpg,car,0.0,medium
FN,0000069_02480_d_0000007.jpg,car,0.0,medium
FN,0000069_02480_d_0000007.jpg,car,0.0,medium
FN,0000069_02480_d_0000007.jpg,car,0.0,medium
FN,0000069_02480_d_0000007.jpg,car,0.0,small
FN,0000069_02480_d_0000007.jpg,car,0.0,small
FN,0000069_02480_d_0000007.jpg,car,0.0,small
FN,0000069_02480_d_0000007.jpg,pedestrian,0.0,medium
FN,0000069_02480_d_0000007.jpg,pedestrian,0.0,small
FN,0000069_02480_d_0000007.jpg,pedestrian,0.0,medium
FN,0000069_02480_d_0000007.jpg,pedestrian,0.0,small
FN,0000069_02480_d_0000007.jpg,people,0.0,small
FN,0000069_02480_d_0000007.jpg,people,0.0,small
FN,0000069_02480_d_0000007.jpg,motor,0.0,small
FN,0000069_02480_d_0000007.jpg,car,0.0,small
FP,0000072_02834_d_0000003.jpg,pedestrian,0.7667784690856934,medium
FP,0000072_02834_d_0000003.jpg,pedestrian,0.6678207516670227,medium
FP,0000072_02834_d_0000003.jpg,pedestrian,0.6135464310646057,medium
FP,0000072_02834_d_0000003.jpg,people,0.49157941341400146,medium
FP,0000072_02834_d_0000003.jpg,motor,0.47169166803359985,medium
FP,0000072_02834_d_0000003.jpg,pedestrian,0.4150877594947815,medium
FP,0000072_02834_d_0000003.jpg,pedestrian,0.3805381655693054,medium
FP,0000072_02834_d_0000003.jpg,pedestrian,0.3187255263328552,medium
FP,0000072_02834_d_0000003.jpg,pedestrian,0.3065011203289032,medium
FP,0000072_02834_d_0000003.jpg,people,0.29745081067085266,medium
FP,0000072_02834_d_0000003.jpg,pedestrian,0.2939647138118744,medium
FP,0000072_02834_d_0000003.jpg,people,0.28840386867523193,medium
FP,0000072_02834_d_0000003.jpg,people,0.2753637135028839,medium
FN,0000072_02834_d_0000003.jpg,pedestrian,0.0,medium
FN,0000072_02834_d_0000003.jpg,motor,0.0,medium
FN,0000072_02834_d_0000003.jpg,pedestrian,0.0,medium
FN,0000072_02834_d_0000003.jpg,pedestrian,0.0,medium
FN,0000072_02834_d_0000003.jpg,pedestrian,0.0,medium
FN,0000072_02834_d_0000003.jpg,pedestrian,0.0,medium
FN,0000072_02834_d_0000003.jpg,pedestrian,0.0,small
FN,0000072_02834_d_0000003.jpg,pedestrian,0.0,medium
FN,0000072_02834_d_0000003.jpg,people,0.0,small
FN,0000072_02834_d_0000003.jpg,people,0.0,small
FN,0000072_02834_d_0000003.jpg,people,0.0,small
FN,0000072_02834_d_0000003.jpg,people,0.0,small
FN,0000072_02834_d_0000003.jpg,motor,0.0,medium
FN,0000072_02834_d_0000003.jpg,pedestrian,0.0,medium
FP,0000076_02142_d_0000009.jpg,truck,0.8573586344718933,large
FP,0000076_02142_d_0000009.jpg,pedestrian,0.4583964943885803,small
FP,0000076_02142_d_0000009.jpg,pedestrian,0.39121830463409424,small
FP,0000076_02142_d_0000009.jpg,pedestrian,0.38969531655311584,small
FP,0000076_02142_d_0000009.jpg,pedestrian,0.331280916929245,small
FP,0000076_02142_d_0000009.jpg,truck,0.31721946597099304,medium
FP,0000076_02142_d_0000009.jpg,pedestrian,0.2934321463108063,small
FN,0000076_02142_d_0000009.jpg,truck,0.0,large
FN,0000076_02142_d_0000009.jpg,people,0.0,small
FP,0000081_00000_d_0000001.jpg,pedestrian,0.6121923923492432,small
FP,0000081_00000_d_0000001.jpg,pedestrian,0.5673231482505798,small
FP,0000081_00000_d_0000001.jpg,pedestrian,0.5663563013076782,small
FP,0000081_00000_d_0000001.jpg,motor,0.5655570030212402,medium
FP,0000081_00000_d_0000001.jpg,pedestrian,0.5621778964996338,small
FP,0000081_00000_d_0000001.jpg,pedestrian,0.5577775835990906,small
FP,0000081_00000_d_0000001.jpg,bicycle,0.5540859699249268,medium
FP,0000081_00000_d_0000001.jpg,pedestrian,0.5484085083007812,small
FP,0000081_00000_d_0000001.jpg,pedestrian,0.5364276766777039,small
FP,0000081_00000_d_0000001.jpg,pedestrian,0.5311248302459717,small
FP,0000081_00000_d_0000001.jpg,pedestrian,0.5297974944114685,small
FP,0000081_00000_d_0000001.jpg,pedestrian,0.5242500305175781,small
FP,0000081_00000_d_0000001.jpg,pedestrian,0.523198664188385,small
FP,0000081_00000_d_0000001.jpg,pedestrian,0.5130356550216675,small
FP,0000081_00000_d_0000001.jpg,pedestrian,0.49602755904197693,medium
FP,0000081_00000_d_0000001.jpg,pedestrian,0.4889158010482788,small
FP,0000081_00000_d_0000001.jpg,pedestrian,0.4774909019470215,small
FP,0000081_00000_d_0000001.jpg,pedestrian,0.46652093529701233,small
FP,0000081_00000_d_0000001.jpg,bicycle,0.46236497163772583,medium
FP,0000081_00000_d_0000001.jpg,pedestrian,0.46192288398742676,small
FP,0000081_00000_d_0000001.jpg,pedestrian,0.4614499807357788,small
FP,0000081_00000_d_0000001.jpg,pedestrian,0.45878297090530396,small
FP,0000081_00000_d_0000001.jpg,pedestrian,0.45548948645591736,small
FP,0000081_00000_d_0000001.jpg,pedestrian,0.45358920097351074,small
FP,0000081_00000_d_0000001.jpg,pedestrian,0.43635109066963196,small
FP,0000081_00000_d_0000001.jpg,pedestrian,0.4342935383319855,small
FP,0000081_00000_d_0000001.jpg,pedestrian,0.43318793177604675,small
FP,0000081_00000_d_0000001.jpg,pedestrian,0.43256261944770813,small
FP,0000081_00000_d_0000001.jpg,pedestrian,0.42749160528182983,medium
FP,0000081_00000_d_0000001.jpg,pedestrian,0.42170366644859314,small
FP,0000081_00000_d_0000001.jpg,pedestrian,0.41520562767982483,small
FP,0000081_00000_d_0000001.jpg,pedestrian,0.40351223945617676,small
FP,0000081_00000_d_0000001.jpg,pedestrian,0.40253201127052307,small
FP,0000081_00000_d_0000001.jpg,pedestrian,0.4002425968647003,small
FP,0000081_00000_d_0000001.jpg,pedestrian,0.39821743965148926,small
FP,0000081_00000_d_0000001.jpg,pedestrian,0.3963693082332611,small
FP,0000081_00000_d_0000001.jpg,pedestrian,0.3956952393054962,medium
FP,0000081_00000_d_0000001.jpg,pedestrian,0.3895220458507538,small
FP,0000081_00000_d_0000001.jpg,pedestrian,0.3764086663722992,small
FP,0000081_00000_d_0000001.jpg,pedestrian,0.36860987544059753,small
FP,0000081_00000_d_0000001.jpg,pedestrian,0.36717990040779114,small
FP,0000081_00000_d_0000001.jpg,pedestrian,0.36293524503707886,small
FP,0000081_00000_d_0000001.jpg,pedestrian,0.3609473705291748,small
FP,0000081_00000_d_0000001.jpg,pedestrian,0.35869914293289185,medium
FP,0000081_00000_d_0000001.jpg,pedestrian,0.35149621963500977,small
FP,0000081_00000_d_0000001.jpg,pedestrian,0.3500153422355652,medium
FP,0000081_00000_d_0000001.jpg,pedestrian,0.3493094742298126,small
FP,0000081_00000_d_0000001.jpg,pedestrian,0.3401659429073334,small
FP,0000081_00000_d_0000001.jpg,pedestrian,0.33753013610839844,small
FP,0000081_00000_d_0000001.jpg,pedestrian,0.3344230055809021,small
FP,0000081_00000_d_0000001.jpg,pedestrian,0.32968270778656006,small
FP,0000081_00000_d_0000001.jpg,pedestrian,0.32385772466659546,small
FP,0000081_00000_d_0000001.jpg,pedestrian,0.3162461519241333,medium
FP,0000081_00000_d_0000001.jpg,pedestrian,0.3152029812335968,small
FP,0000081_00000_d_0000001.jpg,pedestrian,0.3115534484386444,small
FP,0000081_00000_d_0000001.jpg,pedestrian,0.3082650899887085,small
FP,0000081_00000_d_0000001.jpg,pedestrian,0.306989848613739,small
FP,0000081_00000_d_0000001.jpg,pedestrian,0.3069683313369751,small
FP,0000081_00000_d_0000001.jpg,pedestrian,0.3064849078655243,small
FP,0000081_00000_d_0000001.jpg,pedestrian,0.30518707633018494,small
FP,0000081_00000_d_0000001.jpg,people,0.3029780387878418,small
FP,0000081_00000_d_0000001.jpg,pedestrian,0.29719018936157227,small
FP,0000081_00000_d_0000001.jpg,pedestrian,0.29484131932258606,small
FP,0000081_00000_d_0000001.jpg,pedestrian,0.2943466901779175,small
FP,0000081_00000_d_0000001.jpg,pedestrian,0.29021942615509033,small
FP,0000081_00000_d_0000001.jpg,pedestrian,0.2844929099082947,small
FP,0000081_00000_d_0000001.jpg,pedestrian,0.28244274854660034,small
FP,0000081_00000_d_0000001.jpg,pedestrian,0.28028151392936707,small
FP,0000081_00000_d_0000001.jpg,pedestrian,0.2771981358528137,small
FP,0000081_00000_d_0000001.jpg,pedestrian,0.27636754512786865,small
FP,0000081_00000_d_0000001.jpg,motor,0.26933950185775757,medium
FP,0000081_00000_d_0000001.jpg,pedestrian,0.26824167370796204,medium
FP,0000081_00000_d_0000001.jpg,pedestrian,0.26229652762413025,small
FP,0000081_00000_d_0000001.jpg,pedestrian,0.26199549436569214,medium
FP,0000081_00000_d_0000001.jpg,pedestrian,0.25969836115837097,small
FP,0000081_00000_d_0000001.jpg,pedestrian,0.2584514319896698,medium
FP,0000081_00000_d_0000001.jpg,pedestrian,0.25773003697395325,small
FP,0000081_00000_d_0000001.jpg,pedestrian,0.2551058232784271,small
FP,0000081_00000_d_0000001.jpg,pedestrian,0.2548654079437256,small
FP,0000081_00000_d_0000001.jpg,pedestrian,0.2534015476703644,small
FN,0000081_00000_d_0000001.jpg,pedestrian,0.0,medium
FN,0000081_00000_d_0000001.jpg,pedestrian,0.0,medium
FN,0000081_00000_d_0000001.jpg,people,0.0,small
FN,0000081_00000_d_0000001.jpg,pedestrian,0.0,medium
FN,0000081_00000_d_0000001.jpg,pedestrian,0.0,small
FN,0000081_00000_d_0000001.jpg,people,0.0,small
FN,0000081_00000_d_0000001.jpg,pedestrian,0.0,small
FN,0000081_00000_d_0000001.jpg,pedestrian,0.0,small
FN,0000081_00000_d_0000001.jpg,people,0.0,small
FN,0000081_00000_d_0000001.jpg,people,0.0,small
FN,0000081_00000_d_0000001.jpg,pedestrian,0.0,small
FN,0000081_00000_d_0000001.jpg,pedestrian,0.0,small
FN,0000081_00000_d_0000001.jpg,pedestrian,0.0,small
FN,0000081_00000_d_0000001.jpg,people,0.0,small
FN,0000081_00000_d_0000001.jpg,people,0.0,small
FN,0000081_00000_d_0000001.jpg,pedestrian,0.0,small
FN,0000081_00000_d_0000001.jpg,people,0.0,small
FN,0000081_00000_d_0000001.jpg,people,0.0,small
FN,0000081_00000_d_0000001.jpg,pedestrian,0.0,small
FN,0000081_00000_d_0000001.jpg,pedestrian,0.0,small
FN,0000081_00000_d_0000001.jpg,people,0.0,small
FN,0000081_00000_d_0000001.jpg,people,0.0,small
FN,0000081_00000_d_0000001.jpg,people,0.0,small
FN,0000081_00000_d_0000001.jpg,pedestrian,0.0,small
FN,0000081_00000_d_0000001.jpg,pedestrian,0.0,small
FN,0000081_00000_d_0000001.jpg,pedestrian,0.0,small
FN,0000081_00000_d_0000001.jpg,pedestrian,0.0,small
FN,0000081_00000_d_0000001.jpg,pedestrian,0.0,small
FP,0000086_00000_d_0000001.jpg,people,0.6659352779388428,medium
FP,0000086_00000_d_0000001.jpg,pedestrian,0.6345503926277161,medium
FP,0000086_00000_d_0000001.jpg,pedestrian,0.5101409554481506,medium
FP,0000086_00000_d_0000001.jpg,pedestrian,0.4976244270801544,small
FP,0000086_00000_d_0000001.jpg,pedestrian,0.3366459608078003,medium
FP,0000086_00000_d_0000001.jpg,bicycle,0.31255993247032166,medium
FP,0000086_00000_d_0000001.jpg,people,0.2897334396839142,medium
FP,0000086_00000_d_0000001.jpg,pedestrian,0.2870403528213501,medium
FP,0000086_00000_d_0000001.jpg,people,0.2590183615684509,medium
FN,0000086_00000_d_0000001.jpg,people,0.0,small
FN,0000086_00000_d_0000001.jpg,people,0.0,small
FN,0000086_00000_d_0000001.jpg,pedestrian,0.0,small
FN,0000086_00000_d_0000001.jpg,pedestrian,0.0,medium
FN,0000086_00000_d_0000001.jpg,motor,0.0,small
FP,0000086_00592_d_0000002.jpg,pedestrian,0.7543838620185852,medium
FP,0000086_00592_d_0000002.jpg,people,0.59181147813797,small
FP,0000086_00592_d_0000002.jpg,people,0.5315202474594116,small
FP,0000086_00592_d_0000002.jpg,people,0.4629230499267578,medium
FP,0000086_00592_d_0000002.jpg,pedestrian,0.4624806344509125,medium
FP,0000086_00592_d_0000002.jpg,people,0.44520658254623413,small
FP,0000086_00592_d_0000002.jpg,pedestrian,0.371934711933136,medium
FP,0000086_00592_d_0000002.jpg,pedestrian,0.3542611300945282,small
FP,0000086_00592_d_0000002.jpg,pedestrian,0.30584776401519775,medium
FP,0000086_00592_d_0000002.jpg,pedestrian,0.3054867684841156,small
FN,0000086_00592_d_0000002.jpg,people,0.0,small
FN,0000086_00592_d_0000002.jpg,pedestrian,0.0,small
FN,0000086_00592_d_0000002.jpg,people,0.0,small
FN,0000086_00592_d_0000002.jpg,people,0.0,small
FN,0000086_00592_d_0000002.jpg,pedestrian,0.0,small
FN,0000086_00592_d_0000002.jpg,people,0.0,small
FN,0000086_00592_d_0000002.jpg,people,0.0,small
FN,0000086_00592_d_0000002.jpg,people,0.0,medium
FN,0000086_00592_d_0000002.jpg,people,0.0,medium
FN,0000086_00592_d_0000002.jpg,pedestrian,0.0,medium
FN,0000086_00592_d_0000002.jpg,people,0.0,medium
FN,0000086_00592_d_0000002.jpg,people,0.0,small
FN,0000086_00592_d_0000002.jpg,pedestrian,0.0,small
FN,0000086_00592_d_0000002.jpg,pedestrian,0.0,small
FN,0000086_00592_d_0000002.jpg,people,0.0,small
FN,0000086_00592_d_0000002.jpg,pedestrian,0.0,small
FN,0000086_00592_d_0000002.jpg,pedestrian,0.0,small
FN,0000086_00592_d_0000002.jpg,pedestrian,0.0,small
FN,0000086_00592_d_0000002.jpg,pedestrian,0.0,small
FN,0000086_00592_d_0000002.jpg,pedestrian,0.0,small
FN,0000086_00592_d_0000002.jpg,motor,0.0,small
FN,0000086_00592_d_0000002.jpg,people,0.0,small
FN,0000086_00592_d_0000002.jpg,pedestrian,0.0,medium
FN,0000086_00592_d_0000002.jpg,pedestrian,0.0,small
FN,0000086_00592_d_0000002.jpg,people,0.0,small
FN,0000086_00592_d_0000002.jpg,pedestrian,0.0,medium
FN,0000086_00592_d_0000002.jpg,people,0.0,small
FP,0000086_01084_d_0000003.jpg,people,0.7693961262702942,medium
FP,0000086_01084_d_0000003.jpg,pedestrian,0.6721695065498352,medium
FP,0000086_01084_d_0000003.jpg,pedestrian,0.5383918881416321,medium
FP,0000086_01084_d_0000003.jpg,pedestrian,0.5351380705833435,small
FP,0000086_01084_d_0000003.jpg,people,0.5330024361610413,medium
FP,0000086_01084_d_0000003.jpg,pedestrian,0.5105613470077515,small
FP,0000086_01084_d_0000003.jpg,pedestrian,0.4999427795410156,small
FP,0000086_01084_d_0000003.jpg,pedestrian,0.4878864288330078,medium
FP,0000086_01084_d_0000003.jpg,pedestrian,0.46313926577568054,small
FP,0000086_01084_d_0000003.jpg,pedestrian,0.4435369074344635,medium
FP,0000086_01084_d_0000003.jpg,pedestrian,0.4362347722053528,medium
FP,0000086_01084_d_0000003.jpg,pedestrian,0.42098763585090637,medium
FP,0000086_01084_d_0000003.jpg,pedestrian,0.3981698751449585,medium
FP,0000086_01084_d_0000003.jpg,pedestrian,0.3792041540145874,small
FP,0000086_01084_d_0000003.jpg,pedestrian,0.3741661012172699,medium
FP,0000086_01084_d_0000003.jpg,pedestrian,0.3577125370502472,medium
FP,0000086_01084_d_0000003.jpg,pedestrian,0.3493150770664215,medium
FP,0000086_01084_d_0000003.jpg,pedestrian,0.33931732177734375,small
FP,0000086_01084_d_0000003.jpg,pedestrian,0.33697596192359924,medium
FP,0000086_01084_d_0000003.jpg,pedestrian,0.3361049294471741,small
FP,0000086_01084_d_0000003.jpg,pedestrian,0.33216041326522827,medium
FP,0000086_01084_d_0000003.jpg,pedestrian,0.3144046366214752,medium
FP,0000086_01084_d_0000003.jpg,pedestrian,0.3076069951057434,small
FP,0000086_01084_d_0000003.jpg,pedestrian,0.3012373745441437,small
FP,0000086_01084_d_0000003.jpg,pedestrian,0.2866457998752594,small
FP,0000086_01084_d_0000003.jpg,pedestrian,0.2741148769855499,small
FP,0000086_01084_d_0000003.jpg,pedestrian,0.2695508599281311,small
FP,0000086_01084_d_0000003.jpg,pedestrian,0.266260027885437,small
FP,0000086_01084_d_0000003.jpg,pedestrian,0.2589612603187561,small
FP,0000086_01084_d_0000003.jpg,pedestrian,0.2574460804462433,medium
FP,0000086_01084_d_0000003.jpg,people,0.2571237087249756,medium
FP,0000086_01084_d_0000003.jpg,pedestrian,0.2569217383861542,small
FN,0000086_01084_d_0000003.jpg,pedestrian,0.0,small
FN,0000086_01084_d_0000003.jpg,pedestrian,0.0,small
FN,0000086_01084_d_0000003.jpg,pedestrian,0.0,small
FN,0000086_01084_d_0000003.jpg,pedestrian,0.0,small
FN,0000086_01084_d_0000003.jpg,pedestrian,0.0,small
FN,0000086_01084_d_0000003.jpg,pedestrian,0.0,small
FN,0000086_01084_d_0000003.jpg,pedestrian,0.0,small
FN,0000086_01084_d_0000003.jpg,pedestrian,0.0,small
FN,0000086_01084_d_0000003.jpg,pedestrian,0.0,small
FN,0000086_01084_d_0000003.jpg,pedestrian,0.0,small
FN,0000086_01084_d_0000003.jpg,pedestrian,0.0,small
FN,0000086_01084_d_0000003.jpg,pedestrian,0.0,small
FN,0000086_01084_d_0000003.jpg,pedestrian,0.0,small
FN,0000086_01084_d_0000003.jpg,pedestrian,0.0,small
FN,0000086_01084_d_0000003.jpg,pedestrian,0.0,small
FN,0000086_01084_d_0000003.jpg,pedestrian,0.0,small
FN,0000086_01084_d_0000003.jpg,pedestrian,0.0,small
FN,0000086_01084_d_0000003.jpg,pedestrian,0.0,small
FN,0000086_01084_d_0000003.jpg,pedestrian,0.0,small
FN,0000086_01084_d_0000003.jpg,pedestrian,0.0,small
FN,0000086_01084_d_0000003.jpg,people,0.0,small
FN,0000086_01084_d_0000003.jpg,pedestrian,0.0,small
FN,0000086_01084_d_0000003.jpg,pedestrian,0.0,small
FN,0000086_01084_d_0000003.jpg,pedestrian,0.0,small
FN,0000086_01084_d_0000003.jpg,pedestrian,0.0,small
FN,0000086_01084_d_0000003.jpg,pedestrian,0.0,small
FN,0000086_01084_d_0000003.jpg,people,0.0,small
FN,0000086_01084_d_0000003.jpg,people,0.0,small
FN,0000086_01084_d_0000003.jpg,pedestrian,0.0,medium
FN,0000086_01084_d_0000003.jpg,pedestrian,0.0,medium
FN,0000086_01084_d_0000003.jpg,people,0.0,medium
FN,0000086_01084_d_0000003.jpg,people,0.0,small
FN,0000086_01084_d_0000003.jpg,pedestrian,0.0,medium
FN,0000086_01084_d_0000003.jpg,pedestrian,0.0,medium
FN,0000086_01084_d_0000003.jpg,bicycle,0.0,medium
FN,0000086_01084_d_0000003.jpg,people,0.0,small
FN,0000086_01084_d_0000003.jpg,people,0.0,small
FN,0000086_01084_d_0000003.jpg,people,0.0,medium
FN,0000086_01084_d_0000003.jpg,pedestrian,0.0,small
FN,0000086_01084_d_0000003.jpg,pedestrian,0.0,small
FN,0000086_01084_d_0000003.jpg,pedestrian,0.0,small
FN,0000086_01084_d_0000003.jpg,pedestrian,0.0,small
FN,0000086_01084_d_0000003.jpg,pedestrian,0.0,small
FN,0000086_01084_d_0000003.jpg,people,0.0,small
FN,0000086_01084_d_0000003.jpg,people,0.0,small
FN,0000086_01084_d_0000003.jpg,pedestrian,0.0,small
FN,0000086_01084_d_0000003.jpg,pedestrian,0.0,small
FN,0000086_01084_d_0000003.jpg,people,0.0,small
FN,0000086_01084_d_0000003.jpg,pedestrian,0.0,small
FN,0000086_01084_d_0000003.jpg,people,0.0,small
FN,0000086_01084_d_0000003.jpg,people,0.0,small
FN,0000086_01084_d_0000003.jpg,people,0.0,small
FN,0000086_01084_d_0000003.jpg,people,0.0,small
FN,0000086_01084_d_0000003.jpg,pedestrian,0.0,medium
FN,0000086_01084_d_0000003.jpg,pedestrian,0.0,small
FN,0000086_01084_d_0000003.jpg,people,0.0,small
FN,0000086_01084_d_0000003.jpg,pedestrian,0.0,small
FN,0000086_01084_d_0000003.jpg,people,0.0,small
FN,0000086_01084_d_0000003.jpg,pedestrian,0.0,small
FN,0000086_01084_d_0000003.jpg,people,0.0,small
FN,0000086_01084_d_0000003.jpg,pedestrian,0.0,small
FN,0000086_01084_d_0000003.jpg,pedestrian,0.0,small
FN,0000086_01084_d_0000003.jpg,pedestrian,0.0,medium
FN,0000086_01084_d_0000003.jpg,pedestrian,0.0,small
FN,0000086_01084_d_0000003.jpg,pedestrian,0.0,small
FN,0000086_01084_d_0000003.jpg,pedestrian,0.0,small
FN,0000086_01084_d_0000003.jpg,pedestrian,0.0,small
FN,0000086_01084_d_0000003.jpg,pedestrian,0.0,small
FN,0000086_01084_d_0000003.jpg,people,0.0,small
FN,0000086_01084_d_0000003.jpg,pedestrian,0.0,small
FN,0000086_01084_d_0000003.jpg,people,0.0,small
FN,0000086_01084_d_0000003.jpg,pedestrian,0.0,small
FN,0000086_01084_d_0000003.jpg,pedestrian,0.0,small
FN,0000086_01084_d_0000003.jpg,people,0.0,small
FN,0000086_01084_d_0000003.jpg,pedestrian,0.0,small
FN,0000086_01084_d_0000003.jpg,people,0.0,small
FN,0000086_01084_d_0000003.jpg,motor,0.0,medium
FN,0000086_01084_d_0000003.jpg,people,0.0,small
FP,0000086_01443_d_0000004.jpg,pedestrian,0.756554126739502,medium
FP,0000086_01443_d_0000004.jpg,people,0.4738408923149109,medium
FP,0000086_01443_d_0000004.jpg,pedestrian,0.45382508635520935,medium
FP,0000086_01443_d_0000004.jpg,pedestrian,0.45012563467025757,medium
FP,0000086_01443_d_0000004.jpg,pedestrian,0.448353111743927,small
FP,0000086_01443_d_0000004.jpg,pedestrian,0.4375622868537903,small
FP,0000086_01443_d_0000004.jpg,pedestrian,0.422710120677948,small
FP,0000086_01443_d_0000004.jpg,pedestrian,0.415776789188385,medium
FP,0000086_01443_d_0000004.jpg,pedestrian,0.4013119637966156,small
FP,0000086_01443_d_0000004.jpg,pedestrian,0.3764147162437439,medium
FP,0000086_01443_d_0000004.jpg,people,0.37038105726242065,medium
FP,0000086_01443_d_0000004.jpg,people,0.3657088279724121,small
FP,0000086_01443_d_0000004.jpg,pedestrian,0.35836678743362427,medium
FP,0000086_01443_d_0000004.jpg,pedestrian,0.3467516601085663,small
FP,0000086_01443_d_0000004.jpg,people,0.34398725628852844,medium
FP,0000086_01443_d_0000004.jpg,pedestrian,0.34387022256851196,small
FP,0000086_01443_d_0000004.jpg,pedestrian,0.3380809426307678,small
FP,0000086_01443_d_0000004.jpg,people,0.3203848600387573,medium
FP,0000086_01443_d_0000004.jpg,people,0.31596410274505615,small
FP,0000086_01443_d_0000004.jpg,pedestrian,0.30516019463539124,small
FP,0000086_01443_d_0000004.jpg,pedestrian,0.299559623003006,medium
FP,0000086_01443_d_0000004.jpg,pedestrian,0.29864874482154846,medium
FP,0000086_01443_d_0000004.jpg,pedestrian,0.29562076926231384,small
FP,0000086_01443_d_0000004.jpg,pedestrian,0.29523417353630066,small
FP,0000086_01443_d_0000004.jpg,pedestrian,0.27755796909332275,small
FP,0000086_01443_d_0000004.jpg,pedestrian,0.27520161867141724,small
FP,0000086_01443_d_0000004.jpg,pedestrian,0.27036505937576294,small
FP,0000086_01443_d_0000004.jpg,pedestrian,0.2678373456001282,small
FP,0000086_01443_d_0000004.jpg,pedestrian,0.26771092414855957,small
FP,0000086_01443_d_0000004.jpg,pedestrian,0.25894129276275635,small
FP,0000086_01443_d_0000004.jpg,pedestrian,0.2540876865386963,medium
FP,0000086_01443_d_0000004.jpg,motor,0.253884494304657,small
FP,0000086_01443_d_0000004.jpg,pedestrian,0.25182339549064636,small
FN,0000086_01443_d_0000004.jpg,pedestrian,0.0,medium
FN,0000086_01443_d_0000004.jpg,people,0.0,small
FN,0000086_01443_d_0000004.jpg,people,0.0,small
FN,0000086_01443_d_0000004.jpg,people,0.0,medium
FN,0000086_01443_d_0000004.jpg,people,0.0,medium
FN,0000086_01443_d_0000004.jpg,people,0.0,small
FN,0000086_01443_d_0000004.jpg,pedestrian,0.0,small
FN,0000086_01443_d_0000004.jpg,people,0.0,small
FN,0000086_01443_d_0000004.jpg,people,0.0,small
FN,0000086_01443_d_0000004.jpg,pedestrian,0.0,small
FN,0000086_01443_d_0000004.jpg,pedestrian,0.0,small
FN,0000086_01443_d_0000004.jpg,people,0.0,medium
FN,0000086_01443_d_0000004.jpg,pedestrian,0.0,small
FN,0000086_01443_d_0000004.jpg,pedestrian,0.0,small
FN,0000086_01443_d_0000004.jpg,pedestrian,0.0,small
FN,0000086_01443_d_0000004.jpg,pedestrian,0.0,small
FN,0000086_01443_d_0000004.jpg,pedestrian,0.0,small
FN,0000086_01443_d_0000004.jpg,people,0.0,small
FN,0000086_01443_d_0000004.jpg,bicycle,0.0,small
FN,0000086_01443_d_0000004.jpg,pedestrian,0.0,small
FN,0000086_01443_d_0000004.jpg,pedestrian,0.0,small
FN,0000086_01443_d_0000004.jpg,pedestrian,0.0,small
FN,0000086_01443_d_0000004.jpg,people,0.0,small
FN,0000086_01443_d_0000004.jpg,people,0.0,small
FN,0000086_01443_d_0000004.jpg,people,0.0,small
FN,0000086_01443_d_0000004.jpg,pedestrian,0.0,small
FN,0000086_01443_d_0000004.jpg,pedestrian,0.0,small
FN,0000086_01443_d_0000004.jpg,pedestrian,0.0,small
FN,0000086_01443_d_0000004.jpg,pedestrian,0.0,small
FN,0000086_01443_d_0000004.jpg,pedestrian,0.0,small
FN,0000086_01443_d_0000004.jpg,motor,0.0,small
FN,0000086_01443_d_0000004.jpg,motor,0.0,small
FP,0000086_01954_d_0000005.jpg,pedestrian,0.654640793800354,medium
FP,0000086_01954_d_0000005.jpg,pedestrian,0.6033472418785095,medium
FP,0000086_01954_d_0000005.jpg,pedestrian,0.5248903632164001,medium
FP,0000086_01954_d_0000005.jpg,people,0.5032123923301697,medium
FP,0000086_01954_d_0000005.jpg,pedestrian,0.4917760193347931,small
FP,0000086_01954_d_0000005.jpg,pedestrian,0.467434823513031,small
FP,0000086_01954_d_0000005.jpg,pedestrian,0.4652807414531708,small
FP,0000086_01954_d_0000005.jpg,pedestrian,0.4593620002269745,small
FP,0000086_01954_d_0000005.jpg,pedestrian,0.4408867359161377,small
FP,0000086_01954_d_0000005.jpg,pedestrian,0.39635610580444336,small
FP,0000086_01954_d_0000005.jpg,pedestrian,0.39503708481788635,small
FP,0000086_01954_d_0000005.jpg,pedestrian,0.3916839063167572,medium
FP,0000086_01954_d_0000005.jpg,pedestrian,0.3906603753566742,small
FP,0000086_01954_d_0000005.jpg,pedestrian,0.3857063353061676,small
FP,0000086_01954_d_0000005.jpg,pedestrian,0.3825515806674957,small
FP,0000086_01954_d_0000005.jpg,people,0.37686318159103394,medium
FP,0000086_01954_d_0000005.jpg,pedestrian,0.37486422061920166,small
FP,0000086_01954_d_0000005.jpg,pedestrian,0.350841760635376,small
FP,0000086_01954_d_0000005.jpg,people,0.3381926119327545,small
FP,0000086_01954_d_0000005.jpg,pedestrian,0.3332526981830597,small
FP,0000086_01954_d_0000005.jpg,pedestrian,0.33221879601478577,medium
FP,0000086_01954_d_0000005.jpg,pedestrian,0.3188128173351288,small
FP,0000086_01954_d_0000005.jpg,pedestrian,0.3152824640274048,small
FP,0000086_01954_d_0000005.jpg,pedestrian,0.29720357060432434,small
FP,0000086_01954_d_0000005.jpg,pedestrian,0.29625871777534485,small
FP,0000086_01954_d_0000005.jpg,pedestrian,0.29195713996887207,medium
FP,0000086_01954_d_0000005.jpg,pedestrian,0.2889176309108734,small
FP,0000086_01954_d_0000005.jpg,pedestrian,0.2809067666530609,small
FP,0000086_01954_d_0000005.jpg,pedestrian,0.2738257944583893,small
FP,0000086_01954_d_0000005.jpg,pedestrian,0.2635262906551361,small
FN,0000086_01954_d_0000005.jpg,pedestrian,0.0,medium
FN,0000086_01954_d_0000005.jpg,pedestrian,0.0,medium
FN,0000086_01954_d_0000005.jpg,people,0.0,small
FN,0000086_01954_d_0000005.jpg,pedestrian,0.0,small
FN,0000086_01954_d_0000005.jpg,pedestrian,0.0,small
FN,0000086_01954_d_0000005.jpg,people,0.0,small
FN,0000086_01954_d_0000005.jpg,people,0.0,small
FN,0000086_01954_d_0000005.jpg,bicycle,0.0,small
FN,0000086_01954_d_0000005.jpg,pedestrian,0.0,medium
FN,0000086_01954_d_0000005.jpg,people,0.0,small
FN,0000086_01954_d_0000005.jpg,people,0.0,small
FN,0000086_01954_d_0000005.jpg,people,0.0,small
FN,0000086_01954_d_0000005.jpg,pedestrian,0.0,small
FN,0000086_01954_d_0000005.jpg,pedestrian,0.0,small
FN,0000086_01954_d_0000005.jpg,motor,0.0,small
FN,0000086_01954_d_0000005.jpg,motor,0.0,small
FN,0000086_01954_d_0000005.jpg,motor,0.0,small
FN,0000086_01954_d_0000005.jpg,people,0.0,small
FN,0000086_01954_d_0000005.jpg,pedestrian,0.0,small
FN,0000086_01954_d_0000005.jpg,people,0.0,small
FN,0000086_01954_d_0000005.jpg,people,0.0,small
FN,0000086_01954_d_0000005.jpg,pedestrian,0.0,medium
FN,0000086_01954_d_0000005.jpg,pedestrian,0.0,small
FN,0000086_01954_d_0000005.jpg,people,0.0,small
FN,0000086_01954_d_0000005.jpg,pedestrian,0.0,small
FN,0000086_01954_d_0000005.jpg,pedestrian,0.0,small
FN,0000086_01954_d_0000005.jpg,pedestrian,0.0,small
FN,0000086_01954_d_0000005.jpg,pedestrian,0.0,small
FN,0000086_01954_d_0000005.jpg,pedestrian,0.0,small
FN,0000086_01954_d_0000005.jpg,pedestrian,0.0,small
FN,0000086_01954_d_0000005.jpg,pedestrian,0.0,small
FN,0000086_01954_d_0000005.jpg,pedestrian,0.0,small
FN,0000086_01954_d_0000005.jpg,pedestrian,0.0,small
FN,0000086_01954_d_0000005.jpg,pedestrian,0.0,small
FN,0000086_01954_d_0000005.jpg,pedestrian,0.0,small
FN,0000086_01954_d_0000005.jpg,pedestrian,0.0,small
FN,0000086_01954_d_0000005.jpg,pedestrian,0.0,small
FN,0000086_01954_d_0000005.jpg,pedestrian,0.0,small
FN,0000086_01954_d_0000005.jpg,pedestrian,0.0,small
FN,0000086_01954_d_0000005.jpg,pedestrian,0.0,small
FN,0000086_01954_d_0000005.jpg,pedestrian,0.0,small
FN,0000086_01954_d_0000005.jpg,pedestrian,0.0,small
FN,0000086_01954_d_0000005.jpg,pedestrian,0.0,small
FN,0000086_01954_d_0000005.jpg,pedestrian,0.0,small
FN,0000086_01954_d_0000005.jpg,pedestrian,0.0,small
FN,0000086_01954_d_0000005.jpg,pedestrian,0.0,small
FN,0000086_01954_d_0000005.jpg,people,0.0,small
FN,0000086_01954_d_0000005.jpg,people,0.0,small
FN,0000086_01954_d_0000005.jpg,people,0.0,small
FN,0000086_01954_d_0000005.jpg,people,0.0,small
FN,0000086_01954_d_0000005.jpg,people,0.0,small
FN,0000086_01954_d_0000005.jpg,motor,0.0,small
FN,0000086_01954_d_0000005.jpg,pedestrian,0.0,small
FN,0000086_01954_d_0000005.jpg,pedestrian,0.0,small
FN,0000086_01954_d_0000005.jpg,pedestrian,0.0,small
FN,0000086_01954_d_0000005.jpg,pedestrian,0.0,small
FN,0000086_01954_d_0000005.jpg,pedestrian,0.0,small
FN,0000086_01954_d_0000005.jpg,pedestrian,0.0,small
FN,0000086_01954_d_0000005.jpg,people,0.0,small
FN,0000086_01954_d_0000005.jpg,people,0.0,small
FN,0000086_01954_d_0000005.jpg,people,0.0,small
FN,0000086_01954_d_0000005.jpg,people,0.0,small
FN,0000086_01954_d_0000005.jpg,people,0.0,small
FN,0000086_01954_d_0000005.jpg,pedestrian,0.0,small
FN,0000086_01954_d_0000005.jpg,pedestrian,0.0,small
FN,0000086_01954_d_0000005.jpg,pedestrian,0.0,small
FN,0000086_01954_d_0000005.jpg,pedestrian,0.0,small
FN,0000086_01954_d_0000005.jpg,pedestrian,0.0,small
FN,0000086_01954_d_0000005.jpg,pedestrian,0.0,small
FN,0000086_01954_d_0000005.jpg,pedestrian,0.0,small
FN,0000086_01954_d_0000005.jpg,pedestrian,0.0,small
FN,0000086_01954_d_0000005.jpg,pedestrian,0.0,small
FN,0000086_01954_d_0000005.jpg,pedestrian,0.0,small
FN,0000086_01954_d_0000005.jpg,pedestrian,0.0,small
FN,0000086_01954_d_0000005.jpg,pedestrian,0.0,small
FN,0000086_01954_d_0000005.jpg,pedestrian,0.0,small
FN,0000086_01954_d_0000005.jpg,pedestrian,0.0,small
FN,0000086_01954_d_0000005.jpg,pedestrian,0.0,small
FN,0000086_01954_d_0000005.jpg,people,0.0,medium
FN,0000086_01954_d_0000005.jpg,pedestrian,0.0,small
FN,0000086_01954_d_0000005.jpg,people,0.0,small
FN,0000086_01954_d_0000005.jpg,pedestrian,0.0,small
FN,0000086_01954_d_0000005.jpg,people,0.0,small
FN,0000086_01954_d_0000005.jpg,motor,0.0,medium
FN,0000086_01954_d_0000005.jpg,people,0.0,small
FN,0000086_01954_d_0000005.jpg,pedestrian,0.0,small
FN,0000086_01954_d_0000005.jpg,pedestrian,0.0,small
FN,0000086_01954_d_0000005.jpg,pedestrian,0.0,small
FN,0000086_01954_d_0000005.jpg,pedestrian,0.0,small
FN,0000086_01954_d_0000005.jpg,pedestrian,0.0,small
FN,0000086_01954_d_0000005.jpg,pedestrian,0.0,small
FN,0000086_01954_d_0000005.jpg,pedestrian,0.0,small
FN,0000086_01954_d_0000005.jpg,pedestrian,0.0,small
FN,0000086_01954_d_0000005.jpg,pedestrian,0.0,small
FN,0000086_01954_d_0000005.jpg,pedestrian,0.0,small
FN,0000086_01954_d_0000005.jpg,pedestrian,0.0,small
FN,0000086_01954_d_0000005.jpg,people,0.0,small
FN,0000103_01734_d_0000028.jpg,pedestrian,0.0,large
FP,0000103_02544_d_0000029.jpg,motor,0.7782942652702332,medium
FP,0000103_02544_d_0000029.jpg,motor,0.4548584222793579,medium
FP,0000103_02544_d_0000029.jpg,motor,0.39948445558547974,medium
FP,0000103_02544_d_0000029.jpg,motor,0.3326103985309601,medium
FN,0000103_02544_d_0000029.jpg,motor,0.0,large
FN,0000103_02544_d_0000029.jpg,motor,0.0,medium
FN,0000103_02544_d_0000029.jpg,van,0.0,large
FN,0000103_02544_d_0000029.jpg,people,0.0,medium
FN,0000103_02544_d_0000029.jpg,motor,0.0,medium
FN,0000103_02544_d_0000029.jpg,bicycle,0.0,medium
FN,0000103_02544_d_0000029.jpg,people,0.0,medium
FP,0000103_02964_d_0000030.jpg,bicycle,0.7823026776313782,large
FP,0000103_02964_d_0000030.jpg,people,0.6996785998344421,large
FP,0000103_02964_d_0000030.jpg,pedestrian,0.31627604365348816,large
FP,0000103_02964_d_0000030.jpg,van,0.28952839970588684,large
FP,0000103_02964_d_0000030.jpg,motor,0.28875207901000977,large
FP,0000103_02964_d_0000030.jpg,people,0.27658596634864807,large
FP,0000103_02964_d_0000030.jpg,pedestrian,0.26637256145477295,medium
FP,0000103_02964_d_0000030.jpg,bicycle,0.259699285030365,large
FP,0000103_02964_d_0000030.jpg,pedestrian,0.25682270526885986,large
FN,0000103_02964_d_0000030.jpg,motor,0.0,large
FN,0000103_02964_d_0000030.jpg,bicycle,0.0,large
FN,0000103_02964_d_0000030.jpg,car,0.0,large
FP,0000103_03349_d_0000031.jpg,pedestrian,0.35157647728919983,large
FP,0000103_03738_d_0000032.jpg,pedestrian,0.2780863642692566,medium
FP,0000103_04122_d_0000033.jpg,pedestrian,0.3171083629131317,medium
FP,0000103_04513_d_0000034.jpg,motor,0.2971858084201813,medium
FP,0000115_00315_d_0000080.jpg,people,0.5311585068702698,small
FP,0000115_00315_d_0000080.jpg,motor,0.28528326749801636,small
FN,0000115_00315_d_0000080.jpg,motor,0.0,medium
FN,0000115_00315_d_0000080.jpg,pedestrian,0.0,medium
FN,0000115_00315_d_0000080.jpg,people,0.0,medium
FN,0000115_00315_d_0000080.jpg,motor,0.0,small
FN,0000115_00315_d_0000080.jpg,motor,0.0,small
FN,0000115_00315_d_0000080.jpg,car,0.0,medium
FN,0000115_00315_d_0000080.jpg,pedestrian,0.0,small
FN,0000115_00315_d_0000080.jpg,people,0.0,small
FN,0000115_00315_d_0000080.jpg,bicycle,0.0,small
FN,0000115_00315_d_0000080.jpg,tricycle,0.0,small
FN,0000115_00315_d_0000080.jpg,people,0.0,small
FN,0000115_00315_d_0000080.jpg,people,0.0,small
FN,0000115_00315_d_0000080.jpg,people,0.0,small
FN,0000115_00315_d_0000080.jpg,motor,0.0,small
FN,0000115_00315_d_0000080.jpg,people,0.0,small
FN,0000115_00315_d_0000080.jpg,pedestrian,0.0,small
FN,0000115_00315_d_0000080.jpg,motor,0.0,small
FN,0000115_00315_d_0000080.jpg,people,0.0,small
FN,0000115_00315_d_0000080.jpg,people,0.0,small
FN,0000115_00315_d_0000080.jpg,motor,0.0,small
FN,0000115_00315_d_0000080.jpg,people,0.0,small
FN,0000115_00315_d_0000080.jpg,bicycle,0.0,small
FN,0000115_00315_d_0000080.jpg,people,0.0,small
FN,0000115_00315_d_0000080.jpg,pedestrian,0.0,small
FN,0000115_00315_d_0000080.jpg,car,0.0,small
FN,0000115_00315_d_0000080.jpg,awning-tricycle,0.0,small
FN,0000115_00315_d_0000080.jpg,car,0.0,small
FN,0000115_00315_d_0000080.jpg,pedestrian,0.0,small
FN,0000115_00315_d_0000080.jpg,car,0.0,small
FN,0000115_00315_d_0000080.jpg,motor,0.0,small
FN,0000115_00315_d_0000080.jpg,people,0.0,small
FN,0000115_00315_d_0000080.jpg,pedestrian,0.0,small
FN,0000115_00315_d_0000080.jpg,pedestrian,0.0,small
FN,0000115_00315_d_0000080.jpg,pedestrian,0.0,small
FN,0000115_00315_d_0000080.jpg,pedestrian,0.0,small
FN,0000115_00315_d_0000080.jpg,pedestrian,0.0,small
FN,0000115_00315_d_0000080.jpg,pedestrian,0.0,small
FN,0000115_00315_d_0000080.jpg,pedestrian,0.0,small
FN,0000115_00315_d_0000080.jpg,pedestrian,0.0,small
FN,0000115_00315_d_0000080.jpg,pedestrian,0.0,small
FN,0000115_00315_d_0000080.jpg,pedestrian,0.0,small
FN,0000115_00315_d_0000080.jpg,pedestrian,0.0,small
FN,0000115_00315_d_0000080.jpg,pedestrian,0.0,small
FN,0000115_00315_d_0000080.jpg,pedestrian,0.0,small
FP,0000115_00796_d_0000081.jpg,people,0.4459470212459564,small
FP,0000115_00796_d_0000081.jpg,motor,0.44038984179496765,small
FP,0000115_00796_d_0000081.jpg,motor,0.4054611325263977,small
FP,0000115_00796_d_0000081.jpg,people,0.3971572518348694,small
FP,0000115_00796_d_0000081.jpg,people,0.3740638196468353,small
FP,0000115_00796_d_0000081.jpg,people,0.341269850730896,small
FP,0000115_00796_d_0000081.jpg,people,0.33754250407218933,small
FP,0000115_00796_d_0000081.jpg,awning-tricycle,0.32727953791618347,small
FP,0000115_00796_d_0000081.jpg,pedestrian,0.32562148571014404,small
FP,0000115_00796_d_0000081.jpg,bicycle,0.3250303566455841,small
FP,0000115_00796_d_0000081.jpg,pedestrian,0.2798721194267273,small
FP,0000115_00796_d_0000081.jpg,pedestrian,0.27329474687576294,small
FP,0000115_00796_d_0000081.jpg,motor,0.2716492712497711,medium
FN,0000115_00796_d_0000081.jpg,car,0.0,small
FN,0000115_00796_d_0000081.jpg,pedestrian,0.0,small
FN,0000115_00796_d_0000081.jpg,pedestrian,0.0,small
FN,0000115_00796_d_0000081.jpg,pedestrian,0.0,small
FN,0000115_00796_d_0000081.jpg,pedestrian,0.0,small
FN,0000115_00796_d_0000081.jpg,pedestrian,0.0,small
FN,0000115_00796_d_0000081.jpg,pedestrian,0.0,small
FN,0000115_00796_d_0000081.jpg,pedestrian,0.0,small
FN,0000115_00796_d_0000081.jpg,pedestrian,0.0,small
FN,0000115_00796_d_0000081.jpg,pedestrian,0.0,small
FN,0000115_00796_d_0000081.jpg,motor,0.0,small
FN,0000115_00796_d_0000081.jpg,motor,0.0,small
FN,0000115_00796_d_0000081.jpg,pedestrian,0.0,small
FN,0000115_00796_d_0000081.jpg,pedestrian,0.0,small
FN,0000115_00796_d_0000081.jpg,pedestrian,0.0,small
FN,0000115_00796_d_0000081.jpg,people,0.0,small
FN,0000115_00796_d_0000081.jpg,people,0.0,small
FN,0000115_00796_d_0000081.jpg,people,0.0,small
FN,0000115_00796_d_0000081.jpg,people,0.0,small
FN,0000115_00796_d_0000081.jpg,people,0.0,small
FN,0000115_00796_d_0000081.jpg,motor,0.0,medium
FN,0000115_00796_d_0000081.jpg,pedestrian,0.0,small
FN,0000115_00796_d_0000081.jpg,people,0.0,small
FN,0000115_00796_d_0000081.jpg,motor,0.0,small
FN,0000115_00796_d_0000081.jpg,people,0.0,medium
FN,0000115_00796_d_0000081.jpg,people,0.0,small
FN,0000115_00796_d_0000081.jpg,motor,0.0,small
FN,0000115_00796_d_0000081.jpg,motor,0.0,small
FN,0000115_00796_d_0000081.jpg,people,0.0,small
FN,0000115_00796_d_0000081.jpg,car,0.0,medium
FN,0000115_00796_d_0000081.jpg,awning-tricycle,0.0,medium
FN,0000115_00796_d_0000081.jpg,pedestrian,0.0,small
FN,0000115_00796_d_0000081.jpg,people,0.0,small
FN,0000115_00796_d_0000081.jpg,car,0.0,medium
FN,0000115_00796_d_0000081.jpg,people,0.0,small
FN,0000115_00796_d_0000081.jpg,car,0.0,small
FN,0000115_00796_d_0000081.jpg,car,0.0,small
FP,0000115_01031_d_0000082.jpg,people,0.5030674338340759,small
FP,0000115_01031_d_0000082.jpg,pedestrian,0.4888124465942383,small
FP,0000115_01031_d_0000082.jpg,motor,0.4599122405052185,medium
FP,0000115_01031_d_0000082.jpg,people,0.38719168305397034,small
FP,0000115_01031_d_0000082.jpg,people,0.3861818313598633,small
FP,0000115_01031_d_0000082.jpg,motor,0.35939016938209534,medium
FP,0000115_01031_d_0000082.jpg,people,0.3442016839981079,small
FP,0000115_01031_d_0000082.jpg,motor,0.31117334961891174,small
FP,0000115_01031_d_0000082.jpg,motor,0.29828134179115295,medium
FP,0000115_01031_d_0000082.jpg,people,0.2972848117351532,small
FP,0000115_01031_d_0000082.jpg,motor,0.29498133063316345,medium
FP,0000115_01031_d_0000082.jpg,pedestrian,0.2924618721008301,small
FP,0000115_01031_d_0000082.jpg,pedestrian,0.28747352957725525,small
FP,0000115_01031_d_0000082.jpg,motor,0.28685253858566284,medium
FP,0000115_01031_d_0000082.jpg,motor,0.27563461661338806,small
FP,0000115_01031_d_0000082.jpg,motor,0.26372742652893066,small
FP,0000115_01031_d_0000082.jpg,pedestrian,0.259642630815506,small
FN,0000115_01031_d_0000082.jpg,motor,0.0,medium
FN,0000115_01031_d_0000082.jpg,pedestrian,0.0,medium
FN,0000115_01031_d_0000082.jpg,pedestrian,0.0,medium
FN,0000115_01031_d_0000082.jpg,motor,0.0,medium
FN,0000115_01031_d_0000082.jpg,bicycle,0.0,small
FN,0000115_01031_d_0000082.jpg,awning-tricycle,0.0,small
FN,0000115_01031_d_0000082.jpg,pedestrian,0.0,small
FN,0000115_01031_d_0000082.jpg,motor,0.0,small
FN,0000115_01031_d_0000082.jpg,people,0.0,small
FN,0000115_01031_d_0000082.jpg,people,0.0,small
FN,0000115_01031_d_0000082.jpg,people,0.0,small
FN,0000115_01031_d_0000082.jpg,people,0.0,small
FN,0000115_01031_d_0000082.jpg,people,0.0,small
FN,0000115_01031_d_0000082.jpg,motor,0.0,small
FN,0000115_01031_d_0000082.jpg,people,0.0,small
FN,0000115_01031_d_0000082.jpg,motor,0.0,small
FN,0000115_01031_d_0000082.jpg,people,0.0,small
FN,0000115_01031_d_0000082.jpg,pedestrian,0.0,small
FN,0000115_01031_d_0000082.jpg,car,0.0,small
FN,0000115_01031_d_0000082.jpg,pedestrian,0.0,small
FN,0000115_01031_d_0000082.jpg,pedestrian,0.0,small
FN,0000115_01031_d_0000082.jpg,motor,0.0,small
FN,0000115_01031_d_0000082.jpg,people,0.0,small
FN,0000115_01031_d_0000082.jpg,motor,0.0,small
FP,0000116_00351_d_0000083.jpg,people,0.6458374261856079,small
FP,0000116_00351_d_0000083.jpg,motor,0.53143310546875,small
FP,0000116_00351_d_0000083.jpg,people,0.4996476173400879,small
FP,0000116_00351_d_0000083.jpg,motor,0.4011474549770355,small
FP,0000116_00351_d_0000083.jpg,pedestrian,0.3929779529571533,medium
FP,0000116_00351_d_0000083.jpg,car,0.3919699192047119,small
FP,0000116_00351_d_0000083.jpg,motor,0.3852359652519226,small
FP,0000116_00351_d_0000083.jpg,people,0.36336618661880493,small
FP,0000116_00351_d_0000083.jpg,motor,0.291361540555954,small
FP,0000116_00351_d_0000083.jpg,pedestrian,0.26750683784484863,medium
FN,0000116_00351_d_0000083.jpg,pedestrian,0.0,medium
FN,0000116_00351_d_0000083.jpg,awning-tricycle,0.0,medium
FN,0000116_00351_d_0000083.jpg,awning-tricycle,0.0,medium
FN,0000116_00351_d_0000083.jpg,people,0.0,small
FN,0000116_00351_d_0000083.jpg,pedestrian,0.0,small
FN,0000116_00351_d_0000083.jpg,motor,0.0,small
FN,0000116_00351_d_0000083.jpg,awning-tricycle,0.0,medium
FN,0000116_00351_d_0000083.jpg,motor,0.0,small
FN,0000116_00351_d_0000083.jpg,motor,0.0,small
FN,0000116_00351_d_0000083.jpg,motor,0.0,small
FN,0000116_00351_d_0000083.jpg,people,0.0,small
FN,0000116_00351_d_0000083.jpg,people,0.0,small
FN,0000116_00351_d_0000083.jpg,people,0.0,small
FN,0000116_00351_d_0000083.jpg,people,0.0,small
FN,0000116_00351_d_0000083.jpg,pedestrian,0.0,small
FN,0000116_00351_d_0000083.jpg,pedestrian,0.0,small
FN,0000116_00351_d_0000083.jpg,people,0.0,small
FN,0000116_00351_d_0000083.jpg,pedestrian,0.0,small
FN,0000116_00351_d_0000083.jpg,pedestrian,0.0,small
FN,0000116_00351_d_0000083.jpg,pedestrian,0.0,small
FN,0000116_00351_d_0000083.jpg,car,0.0,small
FN,0000116_00351_d_0000083.jpg,people,0.0,small
FN,0000116_00351_d_0000083.jpg,bicycle,0.0,small
FN,0000116_00351_d_0000083.jpg,awning-tricycle,0.0,small
FN,0000116_00351_d_0000083.jpg,pedestrian,0.0,small
FN,0000116_00351_d_0000083.jpg,awning-tricycle,0.0,small
FP,0000116_00819_d_0000084.jpg,car,0.5781570076942444,small
FP,0000116_00819_d_0000084.jpg,motor,0.5773233771324158,medium
FP,0000116_00819_d_0000084.jpg,motor,0.5504077076911926,medium
FP,0000116_00819_d_0000084.jpg,motor,0.5430852770805359,small
FP,0000116_00819_d_0000084.jpg,motor,0.535705029964447,medium
FP,0000116_00819_d_0000084.jpg,motor,0.4515093266963959,medium
FP,0000116_00819_d_0000084.jpg,motor,0.41922715306282043,medium
FP,0000116_00819_d_0000084.jpg,car,0.415473610162735,small
FP,0000116_00819_d_0000084.jpg,car,0.3847062587738037,medium
FP,0000116_00819_d_0000084.jpg,motor,0.37429720163345337,medium
FP,0000116_00819_d_0000084.jpg,motor,0.3688962161540985,small
FP,0000116_00819_d_0000084.jpg,motor,0.34629127383232117,medium
FP,0000116_00819_d_0000084.jpg,people,0.33323532342910767,small
FP,0000116_00819_d_0000084.jpg,motor,0.31857872009277344,small
FP,0000116_00819_d_0000084.jpg,car,0.27888408303260803,small
FP,0000116_00819_d_0000084.jpg,car,0.2518000304698944,small
FN,0000116_00819_d_0000084.jpg,truck,0.0,medium
FN,0000116_00819_d_0000084.jpg,motor,0.0,small
FN,0000116_00819_d_0000084.jpg,people,0.0,small
FN,0000116_00819_d_0000084.jpg,people,0.0,small
FN,0000116_00819_d_0000084.jpg,car,0.0,small
FN,0000116_00819_d_0000084.jpg,car,0.0,small
FN,0000116_00819_d_0000084.jpg,people,0.0,small
FN,0000116_00819_d_0000084.jpg,people,0.0,small
FN,0000116_00819_d_0000084.jpg,people,0.0,small
FN,0000116_00819_d_0000084.jpg,motor,0.0,small
FN,0000116_00819_d_0000084.jpg,motor,0.0,small
FN,0000116_00819_d_0000084.jpg,motor,0.0,small
FN,0000116_00819_d_0000084.jpg,car,0.0,medium
FN,0000116_00819_d_0000084.jpg,awning-tricycle,0.0,small
FN,0000116_00819_d_0000084.jpg,tricycle,0.0,small
FN,0000116_00819_d_0000084.jpg,people,0.0,small
FN,0000116_00819_d_0000084.jpg,pedestrian,0.0,small
FN,0000116_00819_d_0000084.jpg,pedestrian,0.0,small
FP,0000116_01059_d_0000085.jpg,van,0.529694139957428,medium
FP,0000116_01059_d_0000085.jpg,car,0.32592061161994934,small
FP,0000116_01059_d_0000085.jpg,people,0.3160589039325714,small
FP,0000116_01059_d_0000085.jpg,pedestrian,0.28369203209877014,small
FN,0000116_01059_d_0000085.jpg,people,0.0,small
FN,0000116_01059_d_0000085.jpg,people,0.0,small
FN,0000116_01059_d_0000085.jpg,motor,0.0,small
FN,0000116_01059_d_0000085.jpg,people,0.0,small
FN,0000116_01059_d_0000085.jpg,people,0.0,small
FN,0000116_01059_d_0000085.jpg,people,0.0,small
FN,0000116_01059_d_0000085.jpg,motor,0.0,small
FN,0000116_01059_d_0000085.jpg,tricycle,0.0,small
FN,0000116_01059_d_0000085.jpg,people,0.0,small
FN,0000116_01059_d_0000085.jpg,tricycle,0.0,small
FN,0000116_01059_d_0000085.jpg,pedestrian,0.0,small
FN,0000116_01059_d_0000085.jpg,pedestrian,0.0,small
FN,0000116_01059_d_0000085.jpg,pedestrian,0.0,small
FN,0000116_01059_d_0000085.jpg,pedestrian,0.0,small
FN,0000116_01059_d_0000085.jpg,motor,0.0,small
FN,0000116_01059_d_0000085.jpg,pedestrian,0.0,small
FN,0000116_01059_d_0000085.jpg,pedestrian,0.0,small
FN,0000116_01059_d_0000085.jpg,motor,0.0,small
FN,0000116_01059_d_0000085.jpg,motor,0.0,small
FN,0000116_01059_d_0000085.jpg,people,0.0,small
FN,0000116_01059_d_0000085.jpg,people,0.0,small
FN,0000116_01059_d_0000085.jpg,motor,0.0,small
FN,0000116_01059_d_0000085.jpg,people,0.0,small
FN,0000116_01059_d_0000085.jpg,motor,0.0,small
FN,0000116_01059_d_0000085.jpg,people,0.0,small
FN,0000116_01059_d_0000085.jpg,car,0.0,small
FN,0000116_01059_d_0000085.jpg,motor,0.0,small
FN,0000116_01059_d_0000085.jpg,people,0.0,small
FN,0000116_01059_d_0000085.jpg,pedestrian,0.0,small
FN,0000116_01059_d_0000085.jpg,motor,0.0,small
FN,0000116_01059_d_0000085.jpg,people,0.0,small
FN,0000116_01059_d_0000085.jpg,motor,0.0,small
FN,0000116_01059_d_0000085.jpg,people,0.0,small
FN,0000116_01059_d_0000085.jpg,car,0.0,small
FP,0000116_01338_d_0000086.jpg,motor,0.46290168166160583,small
FP,0000116_01338_d_0000086.jpg,van,0.31900328397750854,large
FP,0000116_01338_d_0000086.jpg,motor,0.2626962661743164,small
FP,0000116_01338_d_0000086.jpg,people,0.2558403015136719,small
FP,0000116_01338_d_0000086.jpg,bicycle,0.25046154856681824,small
FN,0000116_01338_d_0000086.jpg,car,0.0,medium
FN,0000116_01338_d_0000086.jpg,awning-tricycle,0.0,medium
FN,0000116_01338_d_0000086.jpg,motor,0.0,small
FN,0000116_01338_d_0000086.jpg,motor,0.0,small
FN,0000116_01338_d_0000086.jpg,pedestrian,0.0,small
FN,0000116_01338_d_0000086.jpg,pedestrian,0.0,small
FN,0000116_01338_d_0000086.jpg,pedestrian,0.0,small
FN,0000116_01338_d_0000086.jpg,pedestrian,0.0,small
FN,0000116_01338_d_0000086.jpg,motor,0.0,small
FN,0000116_01338_d_0000086.jpg,pedestrian,0.0,small
FN,0000116_01338_d_0000086.jpg,people,0.0,small
FN,0000116_01338_d_0000086.jpg,tricycle,0.0,small
FN,0000116_01338_d_0000086.jpg,pedestrian,0.0,small
FN,0000116_01338_d_0000086.jpg,motor,0.0,small
FN,0000116_01338_d_0000086.jpg,people,0.0,small
FN,0000116_01338_d_0000086.jpg,car,0.0,small
FN,0000116_01338_d_0000086.jpg,car,0.0,small
FN,0000116_01338_d_0000086.jpg,car,0.0,small
FN,0000116_01338_d_0000086.jpg,pedestrian,0.0,small
FN,0000116_01338_d_0000086.jpg,pedestrian,0.0,small
FN,0000116_01338_d_0000086.jpg,car,0.0,medium
FN,0000116_01338_d_0000086.jpg,car,0.0,small
FN,0000116_01338_d_0000086.jpg,pedestrian,0.0,small
FN,0000116_01338_d_0000086.jpg,motor,0.0,small
FN,0000116_01338_d_0000086.jpg,people,0.0,small
FN,0000116_01338_d_0000086.jpg,people,0.0,small
FN,0000116_01338_d_0000086.jpg,pedestrian,0.0,small
FN,0000116_01338_d_0000086.jpg,motor,0.0,small
FN,0000116_01338_d_0000086.jpg,people,0.0,small
FN,0000116_01338_d_0000086.jpg,people,0.0,small
FN,0000116_01338_d_0000086.jpg,pedestrian,0.0,small
FN,0000116_01338_d_0000086.jpg,pedestrian,0.0,small
FN,0000116_01338_d_0000086.jpg,people,0.0,small
FN,0000116_01338_d_0000086.jpg,people,0.0,small
FN,0000116_01338_d_0000086.jpg,pedestrian,0.0,small
FP,0000117_00112_d_0000087.jpg,people,0.4697782099246979,medium
FP,0000117_00112_d_0000087.jpg,pedestrian,0.4694772958755493,medium
FP,0000117_00112_d_0000087.jpg,pedestrian,0.4556787312030792,small
FP,0000117_00112_d_0000087.jpg,pedestrian,0.43901392817497253,medium
FP,0000117_00112_d_0000087.jpg,pedestrian,0.4126092195510864,small
FP,0000117_00112_d_0000087.jpg,pedestrian,0.3922172784805298,medium
FP,0000117_00112_d_0000087.jpg,pedestrian,0.38573476672172546,medium
FP,0000117_00112_d_0000087.jpg,pedestrian,0.38340386748313904,medium
FP,0000117_00112_d_0000087.jpg,pedestrian,0.382893830537796,small
FP,0000117_00112_d_0000087.jpg,motor,0.3559497594833374,medium
FP,0000117_00112_d_0000087.jpg,pedestrian,0.350477397441864,medium
FP,0000117_00112_d_0000087.jpg,pedestrian,0.3425571620464325,medium
FP,0000117_00112_d_0000087.jpg,pedestrian,0.34158506989479065,medium
FP,0000117_00112_d_0000087.jpg,pedestrian,0.3352789878845215,medium
FP,0000117_00112_d_0000087.jpg,pedestrian,0.3148784339427948,small
FP,0000117_00112_d_0000087.jpg,pedestrian,0.3065359592437744,small
FP,0000117_00112_d_0000087.jpg,pedestrian,0.29903683066368103,medium
FP,0000117_00112_d_0000087.jpg,pedestrian,0.298974871635437,medium
FP,0000117_00112_d_0000087.jpg,pedestrian,0.29457908868789673,small
FP,0000117_00112_d_0000087.jpg,pedestrian,0.292138934135437,small
FP,0000117_00112_d_0000087.jpg,pedestrian,0.28667446970939636,medium
FP,0000117_00112_d_0000087.jpg,pedestrian,0.28597408533096313,medium
FP,0000117_00112_d_0000087.jpg,pedestrian,0.27091604471206665,small
FP,0000117_00112_d_0000087.jpg,pedestrian,0.27056244015693665,medium
FP,0000117_00112_d_0000087.jpg,pedestrian,0.25942784547805786,small
FP,0000117_00112_d_0000087.jpg,pedestrian,0.255855917930603,small
FP,0000117_00112_d_0000087.jpg,pedestrian,0.25147947669029236,small
FP,0000117_00112_d_0000087.jpg,pedestrian,0.2504921555519104,medium
FN,0000117_00112_d_0000087.jpg,tricycle,0.0,medium
FN,0000117_00112_d_0000087.jpg,pedestrian,0.0,small
FN,0000117_00112_d_0000087.jpg,motor,0.0,small
FN,0000117_00112_d_0000087.jpg,motor,0.0,small
FN,0000117_00112_d_0000087.jpg,people,0.0,small
FN,0000117_00112_d_0000087.jpg,pedestrian,0.0,small
FN,0000117_00112_d_0000087.jpg,pedestrian,0.0,small
FN,0000117_00112_d_0000087.jpg,motor,0.0,medium
FN,0000117_00112_d_0000087.jpg,people,0.0,small
FN,0000117_00112_d_0000087.jpg,pedestrian,0.0,small
FN,0000117_00112_d_0000087.jpg,pedestrian,0.0,small
FN,0000117_00112_d_0000087.jpg,pedestrian,0.0,small
FN,0000117_00112_d_0000087.jpg,pedestrian,0.0,small
FN,0000117_00112_d_0000087.jpg,pedestrian,0.0,small
FN,0000117_00112_d_0000087.jpg,pedestrian,0.0,small
FN,0000117_00112_d_0000087.jpg,pedestrian,0.0,small
FN,0000117_00112_d_0000087.jpg,pedestrian,0.0,small
FN,0000117_00112_d_0000087.jpg,pedestrian,0.0,small
FN,0000117_00112_d_0000087.jpg,pedestrian,0.0,small
FN,0000117_00112_d_0000087.jpg,pedestrian,0.0,small
FN,0000117_00112_d_0000087.jpg,pedestrian,0.0,medium
FN,0000117_00112_d_0000087.jpg,motor,0.0,small
FN,0000117_00112_d_0000087.jpg,motor,0.0,medium
FN,0000117_00112_d_0000087.jpg,people,0.0,small
FN,0000117_00112_d_0000087.jpg,people,0.0,small
FN,0000117_00112_d_0000087.jpg,pedestrian,0.0,small
FN,0000117_00112_d_0000087.jpg,people,0.0,small
FN,0000117_00112_d_0000087.jpg,pedestrian,0.0,small
FN,0000117_00112_d_0000087.jpg,pedestrian,0.0,medium
FN,0000117_00112_d_0000087.jpg,pedestrian,0.0,small
FN,0000117_00112_d_0000087.jpg,pedestrian,0.0,small
FN,0000117_00112_d_0000087.jpg,pedestrian,0.0,small
FN,0000117_00112_d_0000087.jpg,pedestrian,0.0,small
FN,0000117_00112_d_0000087.jpg,pedestrian,0.0,small
FN,0000117_00112_d_0000087.jpg,pedestrian,0.0,small
FN,0000117_00112_d_0000087.jpg,pedestrian,0.0,small
FN,0000117_00112_d_0000087.jpg,pedestrian,0.0,small
FN,0000117_00112_d_0000087.jpg,pedestrian,0.0,small
FN,0000117_00112_d_0000087.jpg,pedestrian,0.0,small
FN,0000117_00112_d_0000087.jpg,pedestrian,0.0,small
FN,0000117_00112_d_0000087.jpg,pedestrian,0.0,small
FN,0000117_00112_d_0000087.jpg,pedestrian,0.0,small
FN,0000117_00112_d_0000087.jpg,pedestrian,0.0,small
FN,0000117_00112_d_0000087.jpg,pedestrian,0.0,small
FN,0000117_00112_d_0000087.jpg,pedestrian,0.0,small
FN,0000117_00112_d_0000087.jpg,pedestrian,0.0,small
FN,0000117_00112_d_0000087.jpg,pedestrian,0.0,medium
FN,0000117_00112_d_0000087.jpg,pedestrian,0.0,small
FN,0000117_00112_d_0000087.jpg,pedestrian,0.0,medium
FN,0000117_00112_d_0000087.jpg,pedestrian,0.0,medium
FN,0000117_00112_d_0000087.jpg,pedestrian,0.0,small
FN,0000117_00112_d_0000087.jpg,pedestrian,0.0,small
FN,0000117_00112_d_0000087.jpg,pedestrian,0.0,small
FN,0000117_00112_d_0000087.jpg,pedestrian,0.0,small
FP,0000117_01326_d_0000088.jpg,pedestrian,0.6247380971908569,medium
FP,0000117_01326_d_0000088.jpg,pedestrian,0.5661019086837769,small
FP,0000117_01326_d_0000088.jpg,pedestrian,0.5483404994010925,medium
FP,0000117_01326_d_0000088.jpg,pedestrian,0.5421676635742188,medium
FP,0000117_01326_d_0000088.jpg,pedestrian,0.5217429399490356,medium
FP,0000117_01326_d_0000088.jpg,pedestrian,0.5082390308380127,medium
FP,0000117_01326_d_0000088.jpg,pedestrian,0.49956586956977844,medium
FP,0000117_01326_d_0000088.jpg,pedestrian,0.49945878982543945,medium
FP,0000117_01326_d_0000088.jpg,pedestrian,0.48733219504356384,medium
FP,0000117_01326_d_0000088.jpg,pedestrian,0.4805343747138977,medium
FP,0000117_01326_d_0000088.jpg,pedestrian,0.46476536989212036,small
FP,0000117_01326_d_0000088.jpg,pedestrian,0.4533587694168091,small
FP,0000117_01326_d_0000088.jpg,pedestrian,0.4493352770805359,medium
FP,0000117_01326_d_0000088.jpg,pedestrian,0.44259506464004517,medium
FP,0000117_01326_d_0000088.jpg,pedestrian,0.40796002745628357,medium
FP,0000117_01326_d_0000088.jpg,pedestrian,0.4040752947330475,medium
FP,0000117_01326_d_0000088.jpg,pedestrian,0.3864305317401886,medium
FP,0000117_01326_d_0000088.jpg,pedestrian,0.3785405158996582,small
FP,0000117_01326_d_0000088.jpg,pedestrian,0.3748849928379059,medium
FP,0000117_01326_d_0000088.jpg,pedestrian,0.37156233191490173,medium
FP,0000117_01326_d_0000088.jpg,pedestrian,0.36522844433784485,medium
FP,0000117_01326_d_0000088.jpg,pedestrian,0.3603786826133728,medium
FP,0000117_01326_d_0000088.jpg,pedestrian,0.35674774646759033,small
FP,0000117_01326_d_0000088.jpg,car,0.35588812828063965,small
FP,0000117_01326_d_0000088.jpg,pedestrian,0.3501884639263153,medium
FP,0000117_01326_d_0000088.jpg,pedestrian,0.3450186550617218,medium
FP,0000117_01326_d_0000088.jpg,people,0.34475573897361755,medium
FP,0000117_01326_d_0000088.jpg,pedestrian,0.3425517678260803,medium
FP,0000117_01326_d_0000088.jpg,pedestrian,0.34233230352401733,small
FP,0000117_01326_d_0000088.jpg,pedestrian,0.33322346210479736,medium
FP,0000117_01326_d_0000088.jpg,pedestrian,0.33181923627853394,small
FP,0000117_01326_d_0000088.jpg,pedestrian,0.32453542947769165,small
FP,0000117_01326_d_0000088.jpg,pedestrian,0.3197981119155884,medium
FP,0000117_01326_d_0000088.jpg,pedestrian,0.2947838306427002,medium
FP,0000117_01326_d_0000088.jpg,pedestrian,0.28778913617134094,medium
FP,0000117_01326_d_0000088.jpg,pedestrian,0.2791137397289276,medium
FP,0000117_01326_d_0000088.jpg,pedestrian,0.26932334899902344,small
FP,0000117_01326_d_0000088.jpg,pedestrian,0.2655200660228729,medium
FP,0000117_01326_d_0000088.jpg,pedestrian,0.26461419463157654,small
FP,0000117_01326_d_0000088.jpg,pedestrian,0.26164916157722473,medium
FP,0000117_01326_d_0000088.jpg,pedestrian,0.2612994611263275,medium
FP,0000117_01326_d_0000088.jpg,pedestrian,0.2556956112384796,medium
FP,0000117_01326_d_0000088.jpg,pedestrian,0.25481778383255005,small
FP,0000117_01326_d_0000088.jpg,pedestrian,0.2544550597667694,medium
FN,0000117_01326_d_0000088.jpg,pedestrian,0.0,small
FN,0000117_01326_d_0000088.jpg,pedestrian,0.0,medium
FN,0000117_01326_d_0000088.jpg,awning-tricycle,0.0,medium
FN,0000117_01326_d_0000088.jpg,pedestrian,0.0,small
FN,0000117_01326_d_0000088.jpg,pedestrian,0.0,small
FN,0000117_01326_d_0000088.jpg,pedestrian,0.0,small
FN,0000117_01326_d_0000088.jpg,pedestrian,0.0,small
FN,0000117_01326_d_0000088.jpg,pedestrian,0.0,medium
FN,0000117_01326_d_0000088.jpg,pedestrian,0.0,small
FN,0000117_01326_d_0000088.jpg,van,0.0,medium
FN,0000117_01326_d_0000088.jpg,car,0.0,medium
FN,0000117_01326_d_0000088.jpg,car,0.0,medium
FN,0000117_01326_d_0000088.jpg,pedestrian,0.0,medium
FN,0000117_01326_d_0000088.jpg,motor,0.0,medium
FN,0000117_01326_d_0000088.jpg,people,0.0,small
FN,0000117_01326_d_0000088.jpg,pedestrian,0.0,small
FN,0000117_01326_d_0000088.jpg,pedestrian,0.0,small
FN,0000117_01326_d_0000088.jpg,pedestrian,0.0,small
FN,0000117_01326_d_0000088.jpg,people,0.0,small
FN,0000117_01326_d_0000088.jpg,car,0.0,large
FN,0000117_01326_d_0000088.jpg,pedestrian,0.0,medium
FN,0000117_01326_d_0000088.jpg,pedestrian,0.0,medium
FN,0000117_01326_d_0000088.jpg,pedestrian,0.0,medium
FN,0000117_01326_d_0000088.jpg,car,0.0,medium
FP,0000117_01731_d_0000089.jpg,motor,0.7135037779808044,small
FP,0000117_01731_d_0000089.jpg,people,0.612641453742981,medium
FP,0000117_01731_d_0000089.jpg,motor,0.5971466302871704,medium
FP,0000117_01731_d_0000089.jpg,pedestrian,0.51229327917099,medium
FP,0000117_01731_d_0000089.jpg,tricycle,0.34220975637435913,small
FP,0000117_01731_d_0000089.jpg,people,0.33595287799835205,medium
FP,0000117_01731_d_0000089.jpg,pedestrian,0.3280154764652252,small
FP,0000117_01731_d_0000089.jpg,pedestrian,0.29473209381103516,small
FP,0000117_01731_d_0000089.jpg,people,0.2714521288871765,small
FP,0000117_01731_d_0000089.jpg,motor,0.25449132919311523,large
FN,0000117_01731_d_0000089.jpg,pedestrian,0.0,medium
FN,0000117_01731_d_0000089.jpg,people,0.0,small
FN,0000117_01731_d_0000089.jpg,people,0.0,small
FN,0000117_01731_d_0000089.jpg,people,0.0,small
FN,0000117_01731_d_0000089.jpg,pedestrian,0.0,small
FN,0000117_01731_d_0000089.jpg,people,0.0,small
FN,0000117_01731_d_0000089.jpg,pedestrian,0.0,small
FN,0000117_01731_d_0000089.jpg,pedestrian,0.0,small
FN,0000117_01731_d_0000089.jpg,pedestrian,0.0,small
FN,0000117_01731_d_0000089.jpg,pedestrian,0.0,medium
FP,0000117_02708_d_0000090.jpg,bus,0.763481855392456,large
FP,0000117_02708_d_0000090.jpg,motor,0.5835429430007935,medium
FP,0000117_02708_d_0000090.jpg,pedestrian,0.5276452898979187,medium
FP,0000117_02708_d_0000090.jpg,pedestrian,0.5008723735809326,medium
FP,0000117_02708_d_0000090.jpg,pedestrian,0.45234549045562744,medium
FP,0000117_02708_d_0000090.jpg,people,0.4057655930519104,medium
FP,0000117_02708_d_0000090.jpg,people,0.3944615423679352,medium
FP,0000117_02708_d_0000090.jpg,pedestrian,0.3841046094894409,medium
FP,0000117_02708_d_0000090.jpg,pedestrian,0.3817684054374695,medium
FP,0000117_02708_d_0000090.jpg,pedestrian,0.36890754103660583,small
FP,0000117_02708_d_0000090.jpg,pedestrian,0.3686808943748474,medium
FP,0000117_02708_d_0000090.jpg,pedestrian,0.354750394821167,medium
FP,0000117_02708_d_0000090.jpg,pedestrian,0.33802634477615356,medium
FP,0000117_02708_d_0000090.jpg,pedestrian,0.30472883582115173,medium
FP,0000117_02708_d_0000090.jpg,motor,0.29939237236976624,small
FP,0000117_02708_d_0000090.jpg,pedestrian,0.2880929708480835,medium
FP,0000117_02708_d_0000090.jpg,car,0.2870591878890991,small
FP,0000117_02708_d_0000090.jpg,pedestrian,0.28645139932632446,medium
FP,0000117_02708_d_0000090.jpg,pedestrian,0.2833355665206909,medium
FP,0000117_02708_d_0000090.jpg,pedestrian,0.2735289931297302,medium
FP,0000117_02708_d_0000090.jpg,pedestrian,0.2731521427631378,medium
FP,0000117_02708_d_0000090.jpg,pedestrian,0.27023038268089294,medium
FP,0000117_02708_d_0000090.jpg,pedestrian,0.2641269564628601,medium
FP,0000117_02708_d_0000090.jpg,bicycle,0.26376011967658997,medium
FP,0000117_02708_d_0000090.jpg,pedestrian,0.26214101910591125,medium
FP,0000117_02708_d_0000090.jpg,motor,0.25899365544319153,medium
FP,0000117_02708_d_0000090.jpg,pedestrian,0.25221365690231323,small
FP,0000117_02708_d_0000090.jpg,pedestrian,0.25179409980773926,medium
FN,0000117_02708_d_0000090.jpg,pedestrian,0.0,medium
FN,0000117_02708_d_0000090.jpg,pedestrian,0.0,medium
FN,0000117_02708_d_0000090.jpg,pedestrian,0.0,medium
FN,0000117_02708_d_0000090.jpg,pedestrian,0.0,medium
FN,0000117_02708_d_0000090.jpg,pedestrian,0.0,medium
FN,0000117_02708_d_0000090.jpg,pedestrian,0.0,small
FN,0000117_02708_d_0000090.jpg,people,0.0,small
FN,0000117_02708_d_0000090.jpg,tricycle,0.0,medium
FN,0000117_02708_d_0000090.jpg,pedestrian,0.0,medium
FN,0000117_02708_d_0000090.jpg,pedestrian,0.0,medium
FN,0000117_02708_d_0000090.jpg,pedestrian,0.0,medium
FN,0000117_02708_d_0000090.jpg,pedestrian,0.0,small
FN,0000117_02708_d_0000090.jpg,pedestrian,0.0,small
FN,0000117_02708_d_0000090.jpg,pedestrian,0.0,small
FN,0000117_02708_d_0000090.jpg,pedestrian,0.0,small
FN,0000117_02708_d_0000090.jpg,pedestrian,0.0,small
FN,0000117_02708_d_0000090.jpg,pedestrian,0.0,small
FN,0000117_02708_d_0000090.jpg,pedestrian,0.0,small
FN,0000117_02708_d_0000090.jpg,pedestrian,0.0,medium
FN,0000117_02708_d_0000090.jpg,pedestrian,0.0,medium
FN,0000117_02708_d_0000090.jpg,pedestrian,0.0,small
FN,0000117_02708_d_0000090.jpg,pedestrian,0.0,medium
FN,0000117_02708_d_0000090.jpg,pedestrian,0.0,small
FN,0000117_02708_d_0000090.jpg,pedestrian,0.0,small
FN,0000117_02708_d_0000090.jpg,pedestrian,0.0,small
FN,0000117_02708_d_0000090.jpg,pedestrian,0.0,small
FN,0000117_02708_d_0000090.jpg,pedestrian,0.0,small
FN,0000117_02708_d_0000090.jpg,pedestrian,0.0,small
FN,0000117_02708_d_0000090.jpg,pedestrian,0.0,small
FN,0000117_02708_d_0000090.jpg,pedestrian,0.0,small
FN,0000117_02708_d_0000090.jpg,pedestrian,0.0,small
FN,0000117_02708_d_0000090.jpg,pedestrian,0.0,small
FN,0000117_02708_d_0000090.jpg,pedestrian,0.0,small
FN,0000117_02708_d_0000090.jpg,pedestrian,0.0,small
FN,0000117_02708_d_0000090.jpg,pedestrian,0.0,small
FN,0000117_02708_d_0000090.jpg,pedestrian,0.0,medium
FN,0000117_02708_d_0000090.jpg,pedestrian,0.0,small
FN,0000117_02708_d_0000090.jpg,pedestrian,0.0,small
FN,0000117_02708_d_0000090.jpg,motor,0.0,medium
FN,0000117_02708_d_0000090.jpg,tricycle,0.0,medium
FN,0000117_02708_d_0000090.jpg,car,0.0,medium
FN,0000117_02708_d_0000090.jpg,car,0.0,medium
FN,0000117_02708_d_0000090.jpg,car,0.0,small
FN,0000117_02708_d_0000090.jpg,pedestrian,0.0,medium
FN,0000117_02708_d_0000090.jpg,pedestrian,0.0,medium
FN,0000117_02708_d_0000090.jpg,pedestrian,0.0,medium
FN,0000117_02708_d_0000090.jpg,people,0.0,medium
FN,0000117_02708_d_0000090.jpg,people,0.0,medium
FN,0000117_02708_d_0000090.jpg,car,0.0,medium
FN,0000117_02708_d_0000090.jpg,motor,0.0,medium
FN,0000117_02708_d_0000090.jpg,people,0.0,small
FN,0000117_02708_d_0000090.jpg,motor,0.0,medium
FN,0000117_02708_d_0000090.jpg,pedestrian,0.0,small
FN,0000117_02708_d_0000090.jpg,pedestrian,0.0,small
FN,0000117_02708_d_0000090.jpg,car,0.0,medium
FP,0000117_03096_d_0000091.jpg,van,0.7206839919090271,medium
FP,0000117_03096_d_0000091.jpg,pedestrian,0.6811562180519104,medium
FP,0000117_03096_d_0000091.jpg,pedestrian,0.6455757021903992,medium
FP,0000117_03096_d_0000091.jpg,pedestrian,0.6196492910385132,medium
FP,0000117_03096_d_0000091.jpg,pedestrian,0.6073321104049683,medium
FP,0000117_03096_d_0000091.jpg,pedestrian,0.5529301166534424,small
FP,0000117_03096_d_0000091.jpg,car,0.4962349832057953,small
FP,0000117_03096_d_0000091.jpg,people,0.4940493404865265,small
FP,0000117_03096_d_0000091.jpg,pedestrian,0.48431819677352905,medium
FP,0000117_03096_d_0000091.jpg,pedestrian,0.48008209466934204,medium
FP,0000117_03096_d_0000091.jpg,car,0.4774092733860016,medium
FP,0000117_03096_d_0000091.jpg,car,0.4570552706718445,small
FP,0000117_03096_d_0000091.jpg,pedestrian,0.4513954818248749,medium
FP,0000117_03096_d_0000091.jpg,pedestrian,0.44896742701530457,medium
FP,0000117_03096_d_0000091.jpg,pedestrian,0.4241108000278473,medium
FP,0000117_03096_d_0000091.jpg,pedestrian,0.4201352894306183,medium
FP,0000117_03096_d_0000091.jpg,people,0.41956016421318054,medium
FP,0000117_03096_d_0000091.jpg,car,0.3976500630378723,small
FP,0000117_03096_d_0000091.jpg,pedestrian,0.39748793840408325,small
FP,0000117_03096_d_0000091.jpg,motor,0.39631935954093933,small
FP,0000117_03096_d_0000091.jpg,car,0.3950597643852234,medium
FP,0000117_03096_d_0000091.jpg,pedestrian,0.38413843512535095,medium
FP,0000117_03096_d_0000091.jpg,pedestrian,0.37866368889808655,medium
FP,0000117_03096_d_0000091.jpg,pedestrian,0.376597136259079,medium
FP,0000117_03096_d_0000091.jpg,tricycle,0.3736579716205597,medium
FP,0000117_03096_d_0000091.jpg,pedestrian,0.372158408164978,medium
FP,0000117_03096_d_0000091.jpg,pedestrian,0.36532288789749146,medium
FP,0000117_03096_d_0000091.jpg,pedestrian,0.3601461350917816,medium
FP,0000117_03096_d_0000091.jpg,pedestrian,0.3599466383457184,medium
FP,0000117_03096_d_0000091.jpg,pedestrian,0.35153624415397644,medium
FP,0000117_03096_d_0000091.jpg,pedestrian,0.3492755889892578,medium
FP,0000117_03096_d_0000091.jpg,truck,0.34890443086624146,medium
FP,0000117_03096_d_0000091.jpg,pedestrian,0.3482428789138794,small
FP,0000117_03096_d_0000091.jpg,pedestrian,0.3482038974761963,medium
FP,0000117_03096_d_0000091.jpg,car,0.34276720881462097,medium
FP,0000117_03096_d_0000091.jpg,pedestrian,0.342122346162796,medium
FP,0000117_03096_d_0000091.jpg,pedestrian,0.3420989215373993,medium
FP,0000117_03096_d_0000091.jpg,pedestrian,0.3316027522087097,medium
FP,0000117_03096_d_0000091.jpg,pedestrian,0.32978472113609314,medium
FP,0000117_03096_d_0000091.jpg,van,0.32623034715652466,medium
FP,0000117_03096_d_0000091.jpg,pedestrian,0.3259851634502411,medium
FP,0000117_03096_d_0000091.jpg,pedestrian,0.3248872756958008,medium
FP,0000117_03096_d_0000091.jpg,pedestrian,0.32046273350715637,small
FP,0000117_03096_d_0000091.jpg,pedestrian,0.3146330416202545,medium
FP,0000117_03096_d_0000091.jpg,pedestrian,0.31445953249931335,medium
FP,0000117_03096_d_0000091.jpg,pedestrian,0.3120914697647095,small
FP,0000117_03096_d_0000091.jpg,pedestrian,0.31122443079948425,medium
FP,0000117_03096_d_0000091.jpg,pedestrian,0.3056998550891876,medium
FP,0000117_03096_d_0000091.jpg,car,0.30394017696380615,small
FP,0000117_03096_d_0000091.jpg,pedestrian,0.30044323205947876,medium
FP,0000117_03096_d_0000091.jpg,pedestrian,0.2991008162498474,medium
FP,0000117_03096_d_0000091.jpg,pedestrian,0.2980266809463501,medium
FP,0000117_03096_d_0000091.jpg,pedestrian,0.2956533432006836,medium
FP,0000117_03096_d_0000091.jpg,car,0.2943468689918518,medium
FP,0000117_03096_d_0000091.jpg,pedestrian,0.28815850615501404,medium
FP,0000117_03096_d_0000091.jpg,bicycle,0.2837887406349182,medium
FP,0000117_03096_d_0000091.jpg,pedestrian,0.2832302749156952,medium
FP,0000117_03096_d_0000091.jpg,pedestrian,0.2831088602542877,small
FP,0000117_03096_d_0000091.jpg,car,0.280079185962677,small
FP,0000117_03096_d_0000091.jpg,pedestrian,0.2765910029411316,medium
FP,0000117_03096_d_0000091.jpg,pedestrian,0.2739490568637848,medium
FP,0000117_03096_d_0000091.jpg,pedestrian,0.27252984046936035,small
FP,0000117_03096_d_0000091.jpg,pedestrian,0.2709616422653198,small
FP,0000117_03096_d_0000091.jpg,motor,0.26516273617744446,medium
FP,0000117_03096_d_0000091.jpg,car,0.2521840035915375,small
FP,0000129_02411_d_0000138.jpg,truck,0.7062462568283081,medium
FP,0000129_02411_d_0000138.jpg,van,0.4869159758090973,medium
FP,0000129_02411_d_0000138.jpg,van,0.40320906043052673,medium
FP,0000129_02411_d_0000138.jpg,van,0.38139912486076355,medium
FP,0000129_02411_d_0000138.jpg,car,0.3677874505519867,medium
FP,0000129_02411_d_0000138.jpg,car,0.36537837982177734,medium
FP,0000129_02411_d_0000138.jpg,pedestrian,0.36400866508483887,small
FP,0000129_02411_d_0000138.jpg,truck,0.3311571180820465,medium
FP,0000129_02411_d_0000138.jpg,car,0.325947642326355,medium
FP,0000129_02411_d_0000138.jpg,truck,0.29736971855163574,medium
FP,0000129_02411_d_0000138.jpg,pedestrian,0.29430291056632996,small
FP,0000129_02411_d_0000138.jpg,car,0.29220718145370483,medium
FP,0000129_02411_d_0000138.jpg,motor,0.26262718439102173,small
FP,0000129_02411_d_0000138.jpg,pedestrian,0.2585575580596924,small
FP,0000129_02411_d_0000138.jpg,pedestrian,0.2569335699081421,small
FN,0000129_02411_d_0000138.jpg,motor,0.0,small
FN,0000129_02411_d_0000138.jpg,people,0.0,small
FN,0000129_02411_d_0000138.jpg,bicycle,0.0,small
FN,0000129_02411_d_0000138.jpg,bicycle,0.0,small
FN,0000129_02411_d_0000138.jpg,pedestrian,0.0,small
FN,0000129_02411_d_0000138.jpg,pedestrian,0.0,small
FN,0000129_02411_d_0000138.jpg,motor,0.0,small
FN,0000129_02411_d_0000138.jpg,people,0.0,small
FN,0000129_02411_d_0000138.jpg,pedestrian,0.0,small
FN,0000129_02411_d_0000138.jpg,pedestrian,0.0,small
FN,0000129_02411_d_0000138.jpg,pedestrian,0.0,small
FN,0000129_02411_d_0000138.jpg,pedestrian,0.0,small
FN,0000129_02411_d_0000138.jpg,pedestrian,0.0,small
FN,0000129_02411_d_0000138.jpg,pedestrian,0.0,small
FN,0000129_02411_d_0000138.jpg,motor,0.0,small
FN,0000129_02411_d_0000138.jpg,people,0.0,small
FN,0000129_02411_d_0000138.jpg,pedestrian,0.0,small
FN,0000129_02411_d_0000138.jpg,people,0.0,small
FN,0000129_02411_d_0000138.jpg,pedestrian,0.0,small
FN,0000129_02411_d_0000138.jpg,people,0.0,small
FN,0000129_02411_d_0000138.jpg,motor,0.0,small
FN,0000129_02411_d_0000138.jpg,pedestrian,0.0,small
FN,0000129_02411_d_0000138.jpg,motor,0.0,small
FN,0000129_02411_d_0000138.jpg,motor,0.0,small
FN,0000129_02411_d_0000138.jpg,bicycle,0.0,small
FN,0000129_02411_d_0000138.jpg,motor,0.0,small
FN,0000129_02411_d_0000138.jpg,motor,0.0,small
FN,0000129_02411_d_0000138.jpg,motor,0.0,small
FN,0000129_02411_d_0000138.jpg,bicycle,0.0,small
FN,0000129_02411_d_0000138.jpg,bicycle,0.0,small
FN,0000129_02411_d_0000138.jpg,motor,0.0,small
FN,0000129_02411_d_0000138.jpg,people,0.0,small
FN,0000129_02411_d_0000138.jpg,pedestrian,0.0,small
FN,0000129_02411_d_0000138.jpg,pedestrian,0.0,small
FN,0000129_02411_d_0000138.jpg,pedestrian,0.0,small
FN,0000129_02411_d_0000138.jpg,motor,0.0,small
FN,0000129_02411_d_0000138.jpg,people,0.0,small
FN,0000129_02411_d_0000138.jpg,pedestrian,0.0,small
FN,0000129_02411_d_0000138.jpg,pedestrian,0.0,small
FN,0000129_02411_d_0000138.jpg,car,0.0,medium
FN,0000129_02411_d_0000138.jpg,truck,0.0,medium
FN,0000129_02411_d_0000138.jpg,pedestrian,0.0,small
FN,0000129_02411_d_0000138.jpg,truck,0.0,medium
FN,0000129_02411_d_0000138.jpg,van,0.0,medium
FN,0000129_02411_d_0000138.jpg,pedestrian,0.0,small
FN,0000129_02411_d_0000138.jpg,pedestrian,0.0,small
FN,0000129_02411_d_0000138.jpg,pedestrian,0.0,small
FN,0000129_02411_d_0000138.jpg,pedestrian,0.0,small
FN,0000129_02411_d_0000138.jpg,van,0.0,medium
FN,0000129_02411_d_0000138.jpg,pedestrian,0.0,small
FN,0000129_02411_d_0000138.jpg,pedestrian,0.0,small
FN,0000129_02411_d_0000138.jpg,car,0.0,medium
FN,0000129_02411_d_0000138.jpg,pedestrian,0.0,small
FN,0000129_02411_d_0000138.jpg,pedestrian,0.0,small
FN,0000129_02411_d_0000138.jpg,pedestrian,0.0,small
FN,0000129_02411_d_0000138.jpg,pedestrian,0.0,small
FN,0000129_02411_d_0000138.jpg,pedestrian,0.0,small
FN,0000129_02411_d_0000138.jpg,people,0.0,small
FN,0000129_02411_d_0000138.jpg,motor,0.0,small
FN,0000129_02411_d_0000138.jpg,pedestrian,0.0,small
FN,0000129_02411_d_0000138.jpg,pedestrian,0.0,small
FN,0000129_02411_d_0000138.jpg,pedestrian,0.0,small
FN,0000129_02411_d_0000138.jpg,pedestrian,0.0,small
FN,0000129_02411_d_0000138.jpg,pedestrian,0.0,small
FN,0000129_02411_d_0000138.jpg,pedestrian,0.0,small
FN,0000129_02411_d_0000138.jpg,people,0.0,small
FN,0000129_02411_d_0000138.jpg,bicycle,0.0,small
FN,0000129_02411_d_0000138.jpg,motor,0.0,small
FN,0000129_02411_d_0000138.jpg,car,0.0,small
FN,0000129_02411_d_0000138.jpg,people,0.0,small
FN,0000129_02411_d_0000138.jpg,motor,0.0,small
FN,0000129_02411_d_0000138.jpg,motor,0.0,small
FN,0000129_02411_d_0000138.jpg,pedestrian,0.0,small
FN,0000129_02411_d_0000138.jpg,bicycle,0.0,small
FN,0000129_02411_d_0000138.jpg,people,0.0,small
FP,0000153_00001_d_0000001.jpg,car,0.44454053044319153,small
FP,0000153_00001_d_0000001.jpg,car,0.40691903233528137,medium
FP,0000153_00001_d_0000001.jpg,people,0.35650354623794556,small
FP,0000153_00001_d_0000001.jpg,motor,0.3292790353298187,medium
FN,0000153_00001_d_0000001.jpg,car,0.0,small
FN,0000153_00001_d_0000001.jpg,car,0.0,small
FN,0000153_00001_d_0000001.jpg,car,0.0,small
FN,0000153_00001_d_0000001.jpg,car,0.0,small
FN,0000153_00001_d_0000001.jpg,car,0.0,medium
FN,0000153_00001_d_0000001.jpg,van,0.0,medium
FN,0000153_00001_d_0000001.jpg,car,0.0,medium
FN,0000153_00001_d_0000001.jpg,car,0.0,small
FN,0000153_00001_d_0000001.jpg,truck,0.0,medium
FN,0000153_00001_d_0000001.jpg,awning-tricycle,0.0,small
FN,0000153_00001_d_0000001.jpg,awning-tricycle,0.0,small
FN,0000153_00001_d_0000001.jpg,people,0.0,small
FN,0000153_00001_d_0000001.jpg,people,0.0,medium
FN,0000153_00001_d_0000001.jpg,people,0.0,small
FN,0000153_00001_d_0000001.jpg,motor,0.0,small
FN,0000153_00001_d_0000001.jpg,people,0.0,small
FN,0000153_00001_d_0000001.jpg,people,0.0,small
FN,0000153_00001_d_0000001.jpg,people,0.0,small
FN,0000153_00001_d_0000001.jpg,people,0.0,small
FN,0000153_00001_d_0000001.jpg,people,0.0,small
FN,0000153_00001_d_0000001.jpg,people,0.0,small
FN,0000153_00001_d_0000001.jpg,people,0.0,small
FN,0000153_00001_d_0000001.jpg,motor,0.0,small
FN,0000153_00001_d_0000001.jpg,motor,0.0,small
FN,0000153_00001_d_0000001.jpg,motor,0.0,small
FN,0000153_00001_d_0000001.jpg,motor,0.0,small
FN,0000153_00001_d_0000001.jpg,motor,0.0,small
FN,0000153_00001_d_0000001.jpg,motor,0.0,small
FN,0000153_00001_d_0000001.jpg,pedestrian,0.0,small
FP,0000153_00401_d_0000001.jpg,truck,0.7042505145072937,medium
FP,0000153_00401_d_0000001.jpg,motor,0.6245220899581909,medium
FP,0000153_00401_d_0000001.jpg,people,0.5051520466804504,small
FP,0000153_00401_d_0000001.jpg,car,0.43412670493125916,small
FP,0000153_00401_d_0000001.jpg,car,0.3938555121421814,medium
FP,0000153_00401_d_0000001.jpg,motor,0.3542674779891968,small
FP,0000153_00401_d_0000001.jpg,motor,0.3206469714641571,small
FP,0000153_00401_d_0000001.jpg,people,0.3078048527240753,small
FP,0000153_00401_d_0000001.jpg,people,0.2871876358985901,small
FP,0000153_00401_d_0000001.jpg,car,0.2842010259628296,small
FP,0000153_00401_d_0000001.jpg,people,0.2616618573665619,small
FP,0000153_00401_d_0000001.jpg,people,0.2533283829689026,small
FN,0000153_00401_d_0000001.jpg,motor,0.0,small
FN,0000153_00401_d_0000001.jpg,motor,0.0,small
FN,0000153_00401_d_0000001.jpg,motor,0.0,small
FN,0000153_00401_d_0000001.jpg,motor,0.0,small
FN,0000153_00401_d_0000001.jpg,motor,0.0,small
FN,0000153_00401_d_0000001.jpg,motor,0.0,small
FN,0000153_00401_d_0000001.jpg,motor,0.0,small
FN,0000153_00401_d_0000001.jpg,awning-tricycle,0.0,small
FN,0000153_00401_d_0000001.jpg,awning-tricycle,0.0,small
FN,0000153_00401_d_0000001.jpg,awning-tricycle,0.0,small
FN,0000153_00401_d_0000001.jpg,awning-tricycle,0.0,small
FN,0000153_00401_d_0000001.jpg,people,0.0,small
FN,0000153_00401_d_0000001.jpg,people,0.0,small
FN,0000153_00401_d_0000001.jpg,people,0.0,small
FN,0000153_00401_d_0000001.jpg,people,0.0,small
FN,0000153_00401_d_0000001.jpg,people,0.0,small
FN,0000153_00401_d_0000001.jpg,people,0.0,small
FN,0000153_00401_d_0000001.jpg,people,0.0,small
FN,0000153_00401_d_0000001.jpg,people,0.0,medium
FN,0000153_00401_d_0000001.jpg,people,0.0,medium
FN,0000153_00401_d_0000001.jpg,car,0.0,small
FN,0000153_00401_d_0000001.jpg,car,0.0,small
FN,0000153_00401_d_0000001.jpg,truck,0.0,large
FN,0000153_00401_d_0000001.jpg,people,0.0,medium
FN,0000153_00401_d_0000001.jpg,motor,0.0,medium
FP,0000153_00801_d_0000001.jpg,motor,0.45221367478370667,small
FP,0000153_00801_d_0000001.jpg,people,0.41517436504364014,small
FP,0000153_00801_d_0000001.jpg,motor,0.3919008672237396,small
FP,0000153_00801_d_0000001.jpg,car,0.3894326984882355,small
FP,0000153_00801_d_0000001.jpg,bicycle,0.3420748710632324,medium
FP,0000153_00801_d_0000001.jpg,motor,0.3366832137107849,small
FP,0000153_00801_d_0000001.jpg,motor,0.2849540114402771,small
FN,0000153_00801_d_0000001.jpg,van,0.0,small
FN,0000153_00801_d_0000001.jpg,van,0.0,small
FN,0000153_00801_d_0000001.jpg,motor,0.0,medium
FN,0000153_00801_d_0000001.jpg,pedestrian,0.0,small
FN,0000153_00801_d_0000001.jpg,tricycle,0.0,small
FN,0000153_00801_d_0000001.jpg,pedestrian,0.0,small
FN,0000153_00801_d_0000001.jpg,pedestrian,0.0,small
FN,0000153_00801_d_0000001.jpg,motor,0.0,small
FN,0000153_00801_d_0000001.jpg,motor,0.0,small
FN,0000153_00801_d_0000001.jpg,motor,0.0,small
FN,0000153_00801_d_0000001.jpg,motor,0.0,small
FN,0000153_00801_d_0000001.jpg,tricycle,0.0,small
FN,0000153_00801_d_0000001.jpg,tricycle,0.0,small
FN,0000153_00801_d_0000001.jpg,car,0.0,small
FN,0000153_00801_d_0000001.jpg,car,0.0,small
FN,0000153_00801_d_0000001.jpg,pedestrian,0.0,small
FN,0000153_00801_d_0000001.jpg,motor,0.0,small
FN,0000153_00801_d_0000001.jpg,pedestrian,0.0,small
FN,0000153_00801_d_0000001.jpg,pedestrian,0.0,small
FN,0000153_00801_d_0000001.jpg,pedestrian,0.0,small
FN,0000153_00801_d_0000001.jpg,pedestrian,0.0,small
FN,0000153_00801_d_0000001.jpg,motor,0.0,small
FN,0000153_00801_d_0000001.jpg,pedestrian,0.0,small
FN,0000153_00801_d_0000001.jpg,motor,0.0,small
FN,0000153_00801_d_0000001.jpg,pedestrian,0.0,small
FN,0000153_00801_d_0000001.jpg,pedestrian,0.0,small
FN,0000153_00801_d_0000001.jpg,motor,0.0,small
FP,0000153_01201_d_0000001.jpg,people,0.6353983283042908,small
FP,0000153_01201_d_0000001.jpg,people,0.47903695702552795,small
FP,0000153_01201_d_0000001.jpg,motor,0.3643302023410797,small
FP,0000153_01201_d_0000001.jpg,motor,0.3329184055328369,small
FP,0000153_01201_d_0000001.jpg,motor,0.3122057318687439,small
FP,0000153_01201_d_0000001.jpg,awning-tricycle,0.31167107820510864,small
FP,0000153_01201_d_0000001.jpg,motor,0.26380085945129395,small
FP,0000153_01201_d_0000001.jpg,motor,0.25327759981155396,small
FN,0000153_01201_d_0000001.jpg,bus,0.0,small
FN,0000153_01201_d_0000001.jpg,pedestrian,0.0,small
FN,0000153_01201_d_0000001.jpg,people,0.0,small
FN,0000153_01201_d_0000001.jpg,motor,0.0,small
FN,0000153_01201_d_0000001.jpg,people,0.0,small
FN,0000153_01201_d_0000001.jpg,people,0.0,small
FN,0000153_01201_d_0000001.jpg,people,0.0,small
FN,0000153_01201_d_0000001.jpg,people,0.0,small
FN,0000153_01201_d_0000001.jpg,people,0.0,small
FN,0000153_01201_d_0000001.jpg,people,0.0,small
FN,0000153_01201_d_0000001.jpg,people,0.0,small
FN,0000153_01201_d_0000001.jpg,pedestrian,0.0,small
FN,0000153_01201_d_0000001.jpg,people,0.0,small
FN,0000153_01201_d_0000001.jpg,motor,0.0,small
FN,0000153_01201_d_0000001.jpg,people,0.0,small
FN,0000153_01201_d_0000001.jpg,people,0.0,small
FN,0000153_01201_d_0000001.jpg,people,0.0,small
FN,0000153_01201_d_0000001.jpg,motor,0.0,small
FN,0000153_01201_d_0000001.jpg,pedestrian,0.0,small
FN,0000153_01201_d_0000001.jpg,van,0.0,small
FN,0000153_01201_d_0000001.jpg,people,0.0,small
FN,0000153_01201_d_0000001.jpg,pedestrian,0.0,small
FN,0000153_01201_d_0000001.jpg,motor,0.0,small
FN,0000153_01201_d_0000001.jpg,people,0.0,small
FN,0000153_01201_d_0000001.jpg,pedestrian,0.0,medium
FN,0000153_01201_d_0000001.jpg,tricycle,0.0,medium
FN,0000153_01201_d_0000001.jpg,pedestrian,0.0,medium
FN,0000153_01201_d_0000001.jpg,bicycle,0.0,medium
FN,0000153_01201_d_0000001.jpg,people,0.0,small
FN,0000153_01201_d_0000001.jpg,pedestrian,0.0,small
FN,0000153_01201_d_0000001.jpg,van,0.0,small
FN,0000153_01201_d_0000001.jpg,pedestrian,0.0,small
FN,0000153_01201_d_0000001.jpg,people,0.0,small
FN,0000153_01201_d_0000001.jpg,people,0.0,small
FN,0000153_01201_d_0000001.jpg,people,0.0,small
FN,0000153_01201_d_0000001.jpg,people,0.0,small
FN,0000153_01201_d_0000001.jpg,tricycle,0.0,small
FN,0000153_01201_d_0000001.jpg,motor,0.0,small
FN,0000153_01201_d_0000001.jpg,motor,0.0,small
FN,0000153_01201_d_0000001.jpg,motor,0.0,small
FN,0000153_01201_d_0000001.jpg,motor,0.0,small
FP,0000153_01601_d_0000001.jpg,pedestrian,0.42180532217025757,small
FP,0000153_01601_d_0000001.jpg,motor,0.38750335574150085,small
FP,0000153_01601_d_0000001.jpg,people,0.37469884753227234,small
FP,0000153_01601_d_0000001.jpg,motor,0.28650182485580444,small
FP,0000153_01601_d_0000001.jpg,car,0.2755993902683258,medium
FP,0000153_01601_d_0000001.jpg,pedestrian,0.2713471055030823,medium
FP,0000153_01601_d_0000001.jpg,motor,0.25255414843559265,small
FN,0000153_01601_d_0000001.jpg,car,0.0,small
FN,0000153_01601_d_0000001.jpg,bus,0.0,small
FN,0000153_01601_d_0000001.jpg,car,0.0,small
FN,0000153_01601_d_0000001.jpg,car,0.0,small
FN,0000153_01601_d_0000001.jpg,motor,0.0,small
FN,0000153_01601_d_0000001.jpg,motor,0.0,small
FN,0000153_01601_d_0000001.jpg,motor,0.0,small
FN,0000153_01601_d_0000001.jpg,people,0.0,small
FN,0000153_01601_d_0000001.jpg,people,0.0,small
FN,0000153_01601_d_0000001.jpg,pedestrian,0.0,small
FN,0000153_01601_d_0000001.jpg,people,0.0,small
FN,0000153_01601_d_0000001.jpg,motor,0.0,small
FN,0000153_01601_d_0000001.jpg,motor,0.0,small
FN,0000153_01601_d_0000001.jpg,motor,0.0,small
FN,0000153_01601_d_0000001.jpg,motor,0.0,small
FN,0000153_01601_d_0000001.jpg,people,0.0,small
FN,0000153_01601_d_0000001.jpg,car,0.0,medium
FN,0000153_01601_d_0000001.jpg,truck,0.0,large
FN,0000153_01601_d_0000001.jpg,people,0.0,small
FN,0000153_01601_d_0000001.jpg,people,0.0,small
FN,0000153_01601_d_0000001.jpg,people,0.0,small
FN,0000153_01601_d_0000001.jpg,people,0.0,small
FN,0000153_01601_d_0000001.jpg,people,0.0,small
FN,0000153_01601_d_0000001.jpg,people,0.0,small
FN,0000153_01601_d_0000001.jpg,people,0.0,small
FN,0000153_01601_d_0000001.jpg,motor,0.0,small
FN,0000153_01601_d_0000001.jpg,people,0.0,small
FN,0000153_01601_d_0000001.jpg,people,0.0,small
FN,0000153_01601_d_0000001.jpg,people,0.0,small
FN,0000153_01601_d_0000001.jpg,motor,0.0,small
FN,0000153_01601_d_0000001.jpg,people,0.0,small
FN,0000153_01601_d_0000001.jpg,motor,0.0,small
FN,0000153_01601_d_0000001.jpg,people,0.0,small
FN,0000153_01601_d_0000001.jpg,motor,0.0,small
FN,0000153_01601_d_0000001.jpg,people,0.0,small
FN,0000153_01601_d_0000001.jpg,people,0.0,small
FN,0000153_01601_d_0000001.jpg,people,0.0,small
FN,0000153_01601_d_0000001.jpg,people,0.0,small
FN,0000153_01601_d_0000001.jpg,people,0.0,small
FN,0000153_01601_d_0000001.jpg,people,0.0,small
FN,0000153_01601_d_0000001.jpg,motor,0.0,small
FN,0000153_01601_d_0000001.jpg,pedestrian,0.0,small
FN,0000153_01601_d_0000001.jpg,car,0.0,medium
FP,0000153_01801_d_0000001.jpg,motor,0.5591068863868713,small
FP,0000153_01801_d_0000001.jpg,people,0.47550681233406067,small
FP,0000153_01801_d_0000001.jpg,car,0.3019048571586609,small
FP,0000153_01801_d_0000001.jpg,people,0.27946558594703674,small
FP,0000153_01801_d_0000001.jpg,bus,0.2589956521987915,small
FN,0000153_01801_d_0000001.jpg,motor,0.0,small
FN,0000153_01801_d_0000001.jpg,motor,0.0,small
FN,0000153_01801_d_0000001.jpg,motor,0.0,small
FN,0000153_01801_d_0000001.jpg,motor,0.0,small
FN,0000153_01801_d_0000001.jpg,motor,0.0,small
FN,0000153_01801_d_0000001.jpg,motor,0.0,small
FN,0000153_01801_d_0000001.jpg,motor,0.0,small
FN,0000153_01801_d_0000001.jpg,motor,0.0,small
FN,0000153_01801_d_0000001.jpg,motor,0.0,small
FN,0000153_01801_d_0000001.jpg,motor,0.0,small
FN,0000153_01801_d_0000001.jpg,motor,0.0,small
FN,0000153_01801_d_0000001.jpg,motor,0.0,small
FN,0000153_01801_d_0000001.jpg,motor,0.0,small
FN,0000153_01801_d_0000001.jpg,motor,0.0,small
FN,0000153_01801_d_0000001.jpg,motor,0.0,small
FN,0000153_01801_d_0000001.jpg,motor,0.0,small
FN,0000153_01801_d_0000001.jpg,motor,0.0,small
FN,0000153_01801_d_0000001.jpg,motor,0.0,small
FN,0000153_01801_d_0000001.jpg,people,0.0,small
FN,0000153_01801_d_0000001.jpg,people,0.0,small
FN,0000153_01801_d_0000001.jpg,people,0.0,small
FN,0000153_01801_d_0000001.jpg,people,0.0,small
FN,0000153_01801_d_0000001.jpg,people,0.0,small
FN,0000153_01801_d_0000001.jpg,people,0.0,small
FN,0000153_01801_d_0000001.jpg,people,0.0,small
FN,0000153_01801_d_0000001.jpg,people,0.0,small
FN,0000153_01801_d_0000001.jpg,people,0.0,small
FN,0000153_01801_d_0000001.jpg,people,0.0,small
FN,0000153_01801_d_0000001.jpg,people,0.0,small
FN,0000153_01801_d_0000001.jpg,people,0.0,small
FN,0000153_01801_d_0000001.jpg,people,0.0,small
FN,0000153_01801_d_0000001.jpg,people,0.0,small
FN,0000153_01801_d_0000001.jpg,pedestrian,0.0,small
FN,0000153_01801_d_0000001.jpg,pedestrian,0.0,small
FN,0000153_01801_d_0000001.jpg,car,0.0,medium
FP,0000154_00001_d_0000001.jpg,car,0.7408038377761841,small
FP,0000154_00001_d_0000001.jpg,motor,0.3820955157279968,medium
FP,0000154_00001_d_0000001.jpg,motor,0.3819725513458252,small
FP,0000154_00001_d_0000001.jpg,car,0.37125369906425476,small
FP,0000154_00001_d_0000001.jpg,pedestrian,0.3567757308483124,small
FP,0000154_00001_d_0000001.jpg,car,0.33635470271110535,small
FP,0000154_00001_d_0000001.jpg,car,0.27714234590530396,medium
FP,0000154_00001_d_0000001.jpg,motor,0.2688639760017395,small
FP,0000154_00001_d_0000001.jpg,car,0.2553831934928894,small
FP,0000154_00001_d_0000001.jpg,motor,0.25328898429870605,small
FN,0000154_00001_d_0000001.jpg,pedestrian,0.0,small
FN,0000154_00001_d_0000001.jpg,pedestrian,0.0,small
FN,0000154_00001_d_0000001.jpg,people,0.0,small
FN,0000154_00001_d_0000001.jpg,truck,0.0,medium
FN,0000154_00001_d_0000001.jpg,tricycle,0.0,medium
FN,0000154_00001_d_0000001.jpg,people,0.0,small
FN,0000154_00001_d_0000001.jpg,people,0.0,small
FN,0000154_00001_d_0000001.jpg,people,0.0,small
FN,0000154_00001_d_0000001.jpg,people,0.0,small
FN,0000154_00001_d_0000001.jpg,people,0.0,small
FN,0000154_00001_d_0000001.jpg,people,0.0,small
FN,0000154_00001_d_0000001.jpg,people,0.0,small
FN,0000154_00001_d_0000001.jpg,people,0.0,small
FN,0000154_00001_d_0000001.jpg,people,0.0,small
FN,0000154_00001_d_0000001.jpg,people,0.0,small
FN,0000154_00001_d_0000001.jpg,people,0.0,small
FN,0000154_00001_d_0000001.jpg,people,0.0,small
FN,0000154_00001_d_0000001.jpg,people,0.0,small
FN,0000154_00001_d_0000001.jpg,truck,0.0,small
FN,0000154_00001_d_0000001.jpg,motor,0.0,small
FN,0000154_00001_d_0000001.jpg,motor,0.0,small
FN,0000154_00001_d_0000001.jpg,motor,0.0,small
FN,0000154_00001_d_0000001.jpg,motor,0.0,small
FN,0000154_00001_d_0000001.jpg,motor,0.0,small
FN,0000154_00001_d_0000001.jpg,motor,0.0,small
FN,0000154_00001_d_0000001.jpg,tricycle,0.0,small
FN,0000154_00001_d_0000001.jpg,tricycle,0.0,small
FP,0000154_00401_d_0000001.jpg,motor,0.4492812752723694,medium
FP,0000154_00401_d_0000001.jpg,motor,0.4427642524242401,small
FP,0000154_00401_d_0000001.jpg,car,0.4208236634731293,small
FP,0000154_00401_d_0000001.jpg,people,0.40084782242774963,small
FP,0000154_00401_d_0000001.jpg,motor,0.36997151374816895,small
FP,0000154_00401_d_0000001.jpg,people,0.3451222777366638,small
FP,0000154_00401_d_0000001.jpg,motor,0.3246068060398102,small
FN,0000154_00401_d_0000001.jpg,people,0.0,small
FN,0000154_00401_d_0000001.jpg,motor,0.0,small
FN,0000154_00401_d_0000001.jpg,motor,0.0,small
FN,0000154_00401_d_0000001.jpg,motor,0.0,small
FN,0000154_00401_d_0000001.jpg,people,0.0,small
FN,0000154_00401_d_0000001.jpg,people,0.0,small
FN,0000154_00401_d_0000001.jpg,people,0.0,small
FN,0000154_00401_d_0000001.jpg,people,0.0,small
FN,0000154_00401_d_0000001.jpg,people,0.0,small
FN,0000154_00401_d_0000001.jpg,people,0.0,small
FN,0000154_00401_d_0000001.jpg,motor,0.0,small
FN,0000154_00401_d_0000001.jpg,tricycle,0.0,medium
FN,0000154_00401_d_0000001.jpg,car,0.0,small
FN,0000154_00401_d_0000001.jpg,van,0.0,small
FN,0000154_00401_d_0000001.jpg,van,0.0,small
FN,0000154_00401_d_0000001.jpg,bicycle,0.0,medium
FN,0000154_00401_d_0000001.jpg,bicycle,0.0,small
FN,0000154_00401_d_0000001.jpg,pedestrian,0.0,small
FN,0000154_00401_d_0000001.jpg,motor,0.0,small
FN,0000154_00401_d_0000001.jpg,motor,0.0,small
FN,0000154_00401_d_0000001.jpg,motor,0.0,small
FN,0000154_00401_d_0000001.jpg,motor,0.0,small
FN,0000154_00401_d_0000001.jpg,motor,0.0,small
FN,0000154_00401_d_0000001.jpg,people,0.0,small
FN,0000154_00401_d_0000001.jpg,people,0.0,small
FN,0000154_00401_d_0000001.jpg,people,0.0,small
FN,0000154_00401_d_0000001.jpg,people,0.0,small
FN,0000154_00401_d_0000001.jpg,people,0.0,small
FP,0000154_00801_d_0000001.jpg,car,0.3571973741054535,small
FP,0000154_00801_d_0000001.jpg,motor,0.3405432105064392,small
FP,0000154_00801_d_0000001.jpg,motor,0.34026893973350525,small
FP,0000154_00801_d_0000001.jpg,car,0.3036451041698456,small
FP,0000154_00801_d_0000001.jpg,motor,0.30343037843704224,small
FP,0000154_00801_d_0000001.jpg,car,0.2649723291397095,small
FP,0000154_00801_d_0000001.jpg,motor,0.25807273387908936,medium
FP,0000154_00801_d_0000001.jpg,car,0.25348493456840515,small
FN,0000154_00801_d_0000001.jpg,car,0.0,small
FN,0000154_00801_d_0000001.jpg,pedestrian,0.0,small
FN,0000154_00801_d_0000001.jpg,people,0.0,small
FN,0000154_00801_d_0000001.jpg,people,0.0,small
FN,0000154_00801_d_0000001.jpg,car,0.0,small
FN,0000154_00801_d_0000001.jpg,car,0.0,small
FN,0000154_00801_d_0000001.jpg,pedestrian,0.0,small
FN,0000154_00801_d_0000001.jpg,motor,0.0,small
FN,0000154_00801_d_0000001.jpg,car,0.0,small
FN,0000154_00801_d_0000001.jpg,people,0.0,small
FN,0000154_00801_d_0000001.jpg,people,0.0,small
FN,0000154_00801_d_0000001.jpg,motor,0.0,small
FN,0000154_00801_d_0000001.jpg,pedestrian,0.0,small
FN,0000154_00801_d_0000001.jpg,pedestrian,0.0,small
FN,0000154_00801_d_0000001.jpg,people,0.0,small
FN,0000154_00801_d_0000001.jpg,motor,0.0,small
FN,0000154_00801_d_0000001.jpg,people,0.0,small
FN,0000154_00801_d_0000001.jpg,people,0.0,small
FN,0000154_00801_d_0000001.jpg,people,0.0,small
FN,0000154_00801_d_0000001.jpg,people,0.0,small
FN,0000154_00801_d_0000001.jpg,people,0.0,small
FN,0000154_00801_d_0000001.jpg,people,0.0,small
FN,0000154_00801_d_0000001.jpg,people,0.0,small
FN,0000154_00801_d_0000001.jpg,people,0.0,small
FN,0000154_00801_d_0000001.jpg,pedestrian,0.0,small
FN,0000154_00801_d_0000001.jpg,van,0.0,small
FN,0000154_00801_d_0000001.jpg,tricycle,0.0,medium
FN,0000154_00801_d_0000001.jpg,people,0.0,small
FN,0000154_00801_d_0000001.jpg,people,0.0,small
FN,0000154_00801_d_0000001.jpg,motor,0.0,medium
FN,0000154_00801_d_0000001.jpg,motor,0.0,small
FN,0000154_00801_d_0000001.jpg,bicycle,0.0,small
FN,0000154_00801_d_0000001.jpg,bicycle,0.0,small
FN,0000154_00801_d_0000001.jpg,bicycle,0.0,small
FN,0000154_00801_d_0000001.jpg,motor,0.0,small
FN,0000154_00801_d_0000001.jpg,motor,0.0,small
FN,0000154_00801_d_0000001.jpg,motor,0.0,small
FN,0000154_00801_d_0000001.jpg,pedestrian,0.0,small
FN,0000154_00801_d_0000001.jpg,awning-tricycle,0.0,small
FN,0000154_00801_d_0000001.jpg,awning-tricycle,0.0,small
FN,0000154_00801_d_0000001.jpg,car,0.0,small
FN,0000154_00801_d_0000001.jpg,car,0.0,small
FN,0000154_00801_d_0000001.jpg,people,0.0,small
FN,0000154_00801_d_0000001.jpg,motor,0.0,small
FP,0000154_01201_d_0000001.jpg,motor,0.491596519947052,small
FP,0000154_01201_d_0000001.jpg,pedestrian,0.4319016933441162,medium
FP,0000154_01201_d_0000001.jpg,motor,0.4102434813976288,medium
FP,0000154_01201_d_0000001.jpg,pedestrian,0.40895795822143555,medium
FP,0000154_01201_d_0000001.jpg,people,0.3978342115879059,small
FP,0000154_01201_d_0000001.jpg,motor,0.3218913674354553,small
FP,0000154_01201_d_0000001.jpg,tricycle,0.2851528227329254,medium
FP,0000154_01201_d_0000001.jpg,motor,0.2572818696498871,medium
FN,0000154_01201_d_0000001.jpg,bicycle,0.0,small
FN,0000154_01201_d_0000001.jpg,people,0.0,small
FN,0000154_01201_d_0000001.jpg,motor,0.0,small
FN,0000154_01201_d_0000001.jpg,people,0.0,small
FN,0000154_01201_d_0000001.jpg,people,0.0,small
FN,0000154_01201_d_0000001.jpg,people,0.0,small
FN,0000154_01201_d_0000001.jpg,motor,0.0,small
FN,0000154_01201_d_0000001.jpg,awning-tricycle,0.0,small
FN,0000154_01201_d_0000001.jpg,car,0.0,small
FN,0000154_01201_d_0000001.jpg,pedestrian,0.0,small
FN,0000154_01201_d_0000001.jpg,people,0.0,small
FN,0000154_01201_d_0000001.jpg,people,0.0,small
FN,0000154_01201_d_0000001.jpg,motor,0.0,small
FN,0000154_01201_d_0000001.jpg,motor,0.0,small
FN,0000154_01201_d_0000001.jpg,motor,0.0,small
FN,0000154_01201_d_0000001.jpg,people,0.0,small
FN,0000154_01201_d_0000001.jpg,tricycle,0.0,small
FN,0000154_01201_d_0000001.jpg,motor,0.0,small
FN,0000154_01201_d_0000001.jpg,people,0.0,small
FN,0000154_01201_d_0000001.jpg,motor,0.0,small
FN,0000154_01201_d_0000001.jpg,motor,0.0,medium
FN,0000154_01201_d_0000001.jpg,motor,0.0,medium
FN,0000154_01201_d_0000001.jpg,tricycle,0.0,medium
FN,0000154_01201_d_0000001.jpg,pedestrian,0.0,small
FN,0000154_01201_d_0000001.jpg,car,0.0,medium
FN,0000154_01201_d_0000001.jpg,pedestrian,0.0,small
FN,0000154_01201_d_0000001.jpg,motor,0.0,small
FN,0000154_01201_d_0000001.jpg,people,0.0,small
FN,0000154_01201_d_0000001.jpg,people,0.0,small
FN,0000154_01201_d_0000001.jpg,people,0.0,small
FN,0000154_01201_d_0000001.jpg,people,0.0,small
FN,0000154_01201_d_0000001.jpg,tricycle,0.0,small
FN,0000154_01201_d_0000001.jpg,pedestrian,0.0,small
FN,0000154_01201_d_0000001.jpg,car,0.0,small
FN,0000154_01201_d_0000001.jpg,motor,0.0,small
FN,0000154_01201_d_0000001.jpg,people,0.0,small
FN,0000154_01201_d_0000001.jpg,motor,0.0,small
FN,0000154_01201_d_0000001.jpg,people,0.0,small
FN,0000154_01201_d_0000001.jpg,people,0.0,small
FN,0000154_01201_d_0000001.jpg,motor,0.0,small
FN,0000154_01201_d_0000001.jpg,motor,0.0,small
FN,0000154_01201_d_0000001.jpg,people,0.0,small
FN,0000154_01201_d_0000001.jpg,bicycle,0.0,small
FN,0000154_01201_d_0000001.jpg,pedestrian,0.0,small
FP,0000154_01601_d_0000001.jpg,van,0.6761142611503601,medium
FP,0000154_01601_d_0000001.jpg,car,0.6555096507072449,medium
FP,0000154_01601_d_0000001.jpg,car,0.5189275741577148,small
FP,0000154_01601_d_0000001.jpg,car,0.4663357436656952,medium
FP,0000154_01601_d_0000001.jpg,car,0.4514502286911011,medium
FP,0000154_01601_d_0000001.jpg,motor,0.3494425415992737,small
FP,0000154_01601_d_0000001.jpg,tricycle,0.3341227173805237,small
FP,0000154_01601_d_0000001.jpg,motor,0.2793482542037964,small
FP,0000154_01601_d_0000001.jpg,motor,0.2607257068157196,small
FN,0000154_01601_d_0000001.jpg,car,0.0,small
FN,0000154_01601_d_0000001.jpg,car,0.0,small
FN,0000154_01601_d_0000001.jpg,car,0.0,small
FN,0000154_01601_d_0000001.jpg,car,0.0,small
FN,0000154_01601_d_0000001.jpg,car,0.0,small
FN,0000154_01601_d_0000001.jpg,pedestrian,0.0,small
FN,0000154_01601_d_0000001.jpg,people,0.0,small
FN,0000154_01601_d_0000001.jpg,motor,0.0,small
FN,0000154_01601_d_0000001.jpg,people,0.0,small
FN,0000154_01601_d_0000001.jpg,people,0.0,small
FN,0000154_01601_d_0000001.jpg,motor,0.0,small
FN,0000154_01601_d_0000001.jpg,people,0.0,small
FN,0000154_01601_d_0000001.jpg,bicycle,0.0,small
FN,0000154_01601_d_0000001.jpg,people,0.0,small
FN,0000154_01601_d_0000001.jpg,people,0.0,small
FN,0000154_01601_d_0000001.jpg,people,0.0,small
FN,0000154_01601_d_0000001.jpg,pedestrian,0.0,small
FN,0000154_01601_d_0000001.jpg,people,0.0,small
FN,0000154_01601_d_0000001.jpg,people,0.0,small
FN,0000154_01601_d_0000001.jpg,people,0.0,small
FN,0000154_01601_d_0000001.jpg,people,0.0,small
FN,0000154_01601_d_0000001.jpg,tricycle,0.0,medium
FN,0000154_01601_d_0000001.jpg,motor,0.0,small
FN,0000154_01601_d_0000001.jpg,motor,0.0,small
FN,0000154_01601_d_0000001.jpg,car,0.0,medium
FN,0000154_01601_d_0000001.jpg,pedestrian,0.0,small
FN,0000154_01601_d_0000001.jpg,pedestrian,0.0,small
FN,0000154_01601_d_0000001.jpg,bus,0.0,medium
FN,0000154_01601_d_0000001.jpg,pedestrian,0.0,small
FN,0000154_01601_d_0000001.jpg,car,0.0,small
FN,0000154_01601_d_0000001.jpg,motor,0.0,small
FN,0000154_01601_d_0000001.jpg,motor,0.0,small
FN,0000154_01601_d_0000001.jpg,motor,0.0,small
FN,0000154_01601_d_0000001.jpg,motor,0.0,small
FN,0000154_01601_d_0000001.jpg,car,0.0,small
FN,0000154_01601_d_0000001.jpg,car,0.0,small
FN,0000154_01601_d_0000001.jpg,pedestrian,0.0,small
FN,0000154_01601_d_0000001.jpg,pedestrian,0.0,small
FN,0000154_01601_d_0000001.jpg,awning-tricycle,0.0,small
FN,0000154_01601_d_0000001.jpg,awning-tricycle,0.0,small
FN,0000154_01601_d_0000001.jpg,awning-tricycle,0.0,medium
FN,0000154_01601_d_0000001.jpg,people,0.0,small
FN,0000154_01601_d_0000001.jpg,truck,0.0,medium
FN,0000154_01601_d_0000001.jpg,car,0.0,medium
FN,0000154_01601_d_0000001.jpg,car,0.0,medium
FN,0000154_01601_d_0000001.jpg,awning-tricycle,0.0,small
FN,0000154_01601_d_0000001.jpg,motor,0.0,small
FN,0000154_01601_d_0000001.jpg,motor,0.0,small
FN,0000154_01601_d_0000001.jpg,motor,0.0,small
FN,0000154_01601_d_0000001.jpg,motor,0.0,small
FN,0000154_01601_d_0000001.jpg,people,0.0,small
FN,0000154_01601_d_0000001.jpg,motor,0.0,small
FN,0000154_01601_d_0000001.jpg,people,0.0,small
FN,0000154_01601_d_0000001.jpg,motor,0.0,small
FN,0000154_01601_d_0000001.jpg,car,0.0,small
FN,0000154_01601_d_0000001.jpg,tricycle,0.0,small
FN,0000154_01601_d_0000001.jpg,car,0.0,small
FN,0000154_01601_d_0000001.jpg,car,0.0,small
FN,0000154_01601_d_0000001.jpg,pedestrian,0.0,small
FN,0000154_01601_d_0000001.jpg,people,0.0,small
FP,0000154_02001_d_0000001.jpg,car,0.5850645899772644,small
FP,0000154_02001_d_0000001.jpg,awning-tricycle,0.543196976184845,medium
FP,0000154_02001_d_0000001.jpg,people,0.4308997392654419,small
FP,0000154_02001_d_0000001.jpg,awning-tricycle,0.41341978311538696,small
FP,0000154_02001_d_0000001.jpg,bicycle,0.40738680958747864,medium
FP,0000154_02001_d_0000001.jpg,people,0.38516122102737427,small
FP,0000154_02001_d_0000001.jpg,people,0.33060964941978455,small
FP,0000154_02001_d_0000001.jpg,motor,0.3265916109085083,small
FP,0000154_02001_d_0000001.jpg,people,0.3261909484863281,small
FP,0000154_02001_d_0000001.jpg,people,0.3248302638530731,small
FP,0000154_02001_d_0000001.jpg,awning-tricycle,0.31502702832221985,small
FP,0000154_02001_d_0000001.jpg,car,0.2839535176753998,small
FP,0000154_02001_d_0000001.jpg,car,0.2831557095050812,small
FP,0000154_02001_d_0000001.jpg,car,0.2766851782798767,small
FP,0000154_02001_d_0000001.jpg,bicycle,0.2746107876300812,small
FP,0000154_02001_d_0000001.jpg,car,0.2666148841381073,small
FP,0000154_02001_d_0000001.jpg,motor,0.2646348178386688,small
FP,0000154_02001_d_0000001.jpg,people,0.26454421877861023,small
FN,0000154_02001_d_0000001.jpg,car,0.0,small
FN,0000154_02001_d_0000001.jpg,pedestrian,0.0,medium
FN,0000154_02001_d_0000001.jpg,pedestrian,0.0,medium
FN,0000154_02001_d_0000001.jpg,pedestrian,0.0,small
FN,0000154_02001_d_0000001.jpg,pedestrian,0.0,medium
FN,0000154_02001_d_0000001.jpg,people,0.0,small
FN,0000154_02001_d_0000001.jpg,people,0.0,small
FN,0000154_02001_d_0000001.jpg,people,0.0,small
FN,0000154_02001_d_0000001.jpg,people,0.0,small
FN,0000154_02001_d_0000001.jpg,motor,0.0,small
FN,0000154_02001_d_0000001.jpg,bicycle,0.0,small
FN,0000154_02001_d_0000001.jpg,motor,0.0,small
FN,0000154_02001_d_0000001.jpg,motor,0.0,small
FN,0000154_02001_d_0000001.jpg,motor,0.0,small
FN,0000154_02001_d_0000001.jpg,motor,0.0,small
FN,0000154_02001_d_0000001.jpg,motor,0.0,small
FN,0000154_02001_d_0000001.jpg,motor,0.0,small
FN,0000154_02001_d_0000001.jpg,people,0.0,small
FN,0000154_02001_d_0000001.jpg,people,0.0,small
FN,0000154_02001_d_0000001.jpg,people,0.0,small
FN,0000154_02001_d_0000001.jpg,car,0.0,small
FN,0000154_02001_d_0000001.jpg,car,0.0,small
FN,0000154_02001_d_0000001.jpg,car,0.0,medium
FN,0000154_02001_d_0000001.jpg,motor,0.0,small
FN,0000154_02001_d_0000001.jpg,people,0.0,small
FN,0000154_02001_d_0000001.jpg,people,0.0,small
FN,0000154_02001_d_0000001.jpg,people,0.0,small
FN,0000154_02001_d_0000001.jpg,people,0.0,small
FN,0000154_02001_d_0000001.jpg,people,0.0,small
FN,0000154_02001_d_0000001.jpg,people,0.0,small
FN,0000154_02001_d_0000001.jpg,people,0.0,small
FN,0000154_02001_d_0000001.jpg,tricycle,0.0,medium
FN,0000154_02001_d_0000001.jpg,tricycle,0.0,medium
FN,0000154_02001_d_0000001.jpg,motor,0.0,small
FN,0000154_02001_d_0000001.jpg,bicycle,0.0,small
FP,0000155_00001_d_0000001.jpg,van,0.6325218081474304,medium
FP,0000155_00001_d_0000001.jpg,people,0.5503890514373779,medium
FP,0000155_00001_d_0000001.jpg,pedestrian,0.47466638684272766,small
FP,0000155_00001_d_0000001.jpg,people,0.4727678894996643,medium
FP,0000155_00001_d_0000001.jpg,motor,0.42088642716407776,small
FP,0000155_00001_d_0000001.jpg,people,0.37377405166625977,medium
FP,0000155_00001_d_0000001.jpg,car,0.3543758988380432,small
FP,0000155_00001_d_0000001.jpg,motor,0.33964577317237854,medium
FP,0000155_00001_d_0000001.jpg,motor,0.33134937286376953,small
FP,0000155_00001_d_0000001.jpg,motor,0.3065621256828308,small
FP,0000155_00001_d_0000001.jpg,car,0.2987302541732788,large
FP,0000155_00001_d_0000001.jpg,car,0.29255661368370056,small
FP,0000155_00001_d_0000001.jpg,bicycle,0.289312481880188,medium
FP,0000155_00001_d_0000001.jpg,car,0.28888028860092163,small
FP,0000155_00001_d_0000001.jpg,motor,0.28337740898132324,small
FP,0000155_00001_d_0000001.jpg,people,0.2810547649860382,small
FP,0000155_00001_d_0000001.jpg,people,0.2810329794883728,small
FP,0000155_00001_d_0000001.jpg,car,0.28065064549446106,medium
FN,0000155_00001_d_0000001.jpg,pedestrian,0.0,small
FN,0000155_00001_d_0000001.jpg,awning-tricycle,0.0,small
FN,0000155_00001_d_0000001.jpg,awning-tricycle,0.0,small
FN,0000155_00001_d_0000001.jpg,awning-tricycle,0.0,small
FN,0000155_00001_d_0000001.jpg,awning-tricycle,0.0,small
FN,0000155_00001_d_0000001.jpg,car,0.0,small
FN,0000155_00001_d_0000001.jpg,car,0.0,small
FN,0000155_00001_d_0000001.jpg,people,0.0,small
FN,0000155_00001_d_0000001.jpg,motor,0.0,small
FN,0000155_00001_d_0000001.jpg,people,0.0,small
FN,0000155_00001_d_0000001.jpg,people,0.0,small
FN,0000155_00001_d_0000001.jpg,motor,0.0,small
FN,0000155_00001_d_0000001.jpg,people,0.0,small
FN,0000155_00001_d_0000001.jpg,tricycle,0.0,small
FN,0000155_00001_d_0000001.jpg,car,0.0,small
FN,0000155_00001_d_0000001.jpg,people,0.0,small
FN,0000155_00001_d_0000001.jpg,people,0.0,small
FN,0000155_00001_d_0000001.jpg,motor,0.0,small
FN,0000155_00001_d_0000001.jpg,awning-tricycle,0.0,medium
FN,0000155_00001_d_0000001.jpg,motor,0.0,small
FN,0000155_00001_d_0000001.jpg,van,0.0,medium
FN,0000155_00001_d_0000001.jpg,bus,0.0,large
FN,0000155_00001_d_0000001.jpg,people,0.0,small
FN,0000155_00001_d_0000001.jpg,bicycle,0.0,small
FN,0000155_00001_d_0000001.jpg,people,0.0,small
FN,0000155_00001_d_0000001.jpg,motor,0.0,medium
FN,0000155_00001_d_0000001.jpg,car,0.0,small
FN,0000155_00001_d_0000001.jpg,motor,0.0,small
FN,0000155_00001_d_0000001.jpg,motor,0.0,small
FN,0000155_00001_d_0000001.jpg,motor,0.0,small
FN,0000155_00001_d_0000001.jpg,motor,0.0,small
FN,0000155_00001_d_0000001.jpg,motor,0.0,small
FN,0000155_00001_d_0000001.jpg,people,0.0,small
FN,0000155_00001_d_0000001.jpg,people,0.0,small
FN,0000155_00001_d_0000001.jpg,people,0.0,small
FN,0000155_00001_d_0000001.jpg,people,0.0,small
FN,0000155_00001_d_0000001.jpg,people,0.0,small
FN,0000155_00001_d_0000001.jpg,people,0.0,small
FN,0000155_00001_d_0000001.jpg,awning-tricycle,0.0,small
FN,0000155_00001_d_0000001.jpg,tricycle,0.0,small
FN,0000155_00001_d_0000001.jpg,people,0.0,small
FP,0000155_00401_d_0000001.jpg,people,0.5718817114830017,small
FP,0000155_00401_d_0000001.jpg,car,0.47229599952697754,medium
FP,0000155_00401_d_0000001.jpg,motor,0.4245741069316864,small
FP,0000155_00401_d_0000001.jpg,car,0.38982006907463074,medium
FP,0000155_00401_d_0000001.jpg,car,0.31990599632263184,medium
FP,0000155_00401_d_0000001.jpg,car,0.3045472204685211,small
FP,0000155_00401_d_0000001.jpg,people,0.2979044020175934,small
FP,0000155_00401_d_0000001.jpg,car,0.29644954204559326,medium
FP,0000155_00401_d_0000001.jpg,car,0.2862662672996521,medium
FP,0000155_00401_d_0000001.jpg,van,0.28344810009002686,medium
FP,0000155_00401_d_0000001.jpg,motor,0.2710888385772705,small
FN,0000155_00401_d_0000001.jpg,motor,0.0,small
FN,0000155_00401_d_0000001.jpg,motor,0.0,small
FN,0000155_00401_d_0000001.jpg,motor,0.0,small
FN,0000155_00401_d_0000001.jpg,motor,0.0,small
FN,0000155_00401_d_0000001.jpg,motor,0.0,small
FN,0000155_00401_d_0000001.jpg,motor,0.0,small
FN,0000155_00401_d_0000001.jpg,motor,0.0,small
FN,0000155_00401_d_0000001.jpg,motor,0.0,small
FN,0000155_00401_d_0000001.jpg,motor,0.0,small
FN,0000155_00401_d_0000001.jpg,motor,0.0,small
FN,0000155_00401_d_0000001.jpg,motor,0.0,small
FN,0000155_00401_d_0000001.jpg,motor,0.0,small
FN,0000155_00401_d_0000001.jpg,motor,0.0,small
FN,0000155_00401_d_0000001.jpg,awning-tricycle,0.0,small
FN,0000155_00401_d_0000001.jpg,awning-tricycle,0.0,small
FN,0000155_00401_d_0000001.jpg,awning-tricycle,0.0,small
FN,0000155_00401_d_0000001.jpg,awning-tricycle,0.0,small
FN,0000155_00401_d_0000001.jpg,motor,0.0,small
FN,0000155_00401_d_0000001.jpg,bicycle,0.0,small
FN,0000155_00401_d_0000001.jpg,car,0.0,medium
FN,0000155_00401_d_0000001.jpg,car,0.0,small
FN,0000155_00401_d_0000001.jpg,pedestrian,0.0,small
FN,0000155_00401_d_0000001.jpg,pedestrian,0.0,small
FN,0000155_00401_d_0000001.jpg,pedestrian,0.0,small
FN,0000155_00401_d_0000001.jpg,pedestrian,0.0,small
FN,0000155_00401_d_0000001.jpg,people,0.0,small
FN,0000155_00401_d_0000001.jpg,people,0.0,small
FN,0000155_00401_d_0000001.jpg,people,0.0,small
FN,0000155_00401_d_0000001.jpg,people,0.0,small
FN,0000155_00401_d_0000001.jpg,people,0.0,small
FN,0000155_00401_d_0000001.jpg,people,0.0,small
FN,0000155_00401_d_0000001.jpg,people,0.0,small
FN,0000155_00401_d_0000001.jpg,people,0.0,small
FN,0000155_00401_d_0000001.jpg,people,0.0,small
FN,0000155_00401_d_0000001.jpg,people,0.0,small
FN,0000155_00401_d_0000001.jpg,people,0.0,small
FN,0000155_00401_d_0000001.jpg,people,0.0,small
FN,0000155_00401_d_0000001.jpg,people,0.0,small
FN,0000155_00401_d_0000001.jpg,people,0.0,small
FN,0000155_00401_d_0000001.jpg,people,0.0,small
FN,0000155_00401_d_0000001.jpg,people,0.0,small
FN,0000155_00401_d_0000001.jpg,people,0.0,small
FN,0000155_00401_d_0000001.jpg,people,0.0,small
FN,0000155_00401_d_0000001.jpg,people,0.0,small
FN,0000155_00401_d_0000001.jpg,people,0.0,small
FN,0000155_00401_d_0000001.jpg,pedestrian,0.0,small
FN,0000155_00401_d_0000001.jpg,awning-tricycle,0.0,medium
FN,0000155_00401_d_0000001.jpg,awning-tricycle,0.0,small
FN,0000155_00401_d_0000001.jpg,awning-tricycle,0.0,small
FN,0000155_00401_d_0000001.jpg,motor,0.0,small
FN,0000155_00401_d_0000001.jpg,motor,0.0,small
FN,0000155_00401_d_0000001.jpg,people,0.0,small
FN,0000155_00401_d_0000001.jpg,people,0.0,medium
FN,0000155_00401_d_0000001.jpg,car,0.0,medium
FN,0000155_00401_d_0000001.jpg,car,0.0,medium
FN,0000155_00401_d_0000001.jpg,car,0.0,medium
FN,0000155_00401_d_0000001.jpg,people,0.0,small
FN,0000155_00401_d_0000001.jpg,people,0.0,small
FN,0000155_00401_d_0000001.jpg,people,0.0,small
FN,0000155_00401_d_0000001.jpg,people,0.0,small
FN,0000155_00401_d_0000001.jpg,people,0.0,small
FN,0000155_00401_d_0000001.jpg,pedestrian,0.0,small
FN,0000155_00401_d_0000001.jpg,tricycle,0.0,small
FN,0000155_00401_d_0000001.jpg,people,0.0,small
FN,0000155_00401_d_0000001.jpg,tricycle,0.0,small
FN,0000155_00401_d_0000001.jpg,motor,0.0,small
FN,0000155_00401_d_0000001.jpg,car,0.0,medium
FP,0000155_00801_d_0000001.jpg,car,0.5141480565071106,small
FP,0000155_00801_d_0000001.jpg,motor,0.4465944170951843,small
FP,0000155_00801_d_0000001.jpg,car,0.4444505572319031,small
FP,0000155_00801_d_0000001.jpg,motor,0.4276004731655121,small
FP,0000155_00801_d_0000001.jpg,people,0.4264391362667084,small
FP,0000155_00801_d_0000001.jpg,motor,0.40798982977867126,medium
FP,0000155_00801_d_0000001.jpg,car,0.40480104088783264,small
FP,0000155_00801_d_0000001.jpg,car,0.37291792035102844,small
FP,0000155_00801_d_0000001.jpg,people,0.37050291895866394,small
FP,0000155_00801_d_0000001.jpg,pedestrian,0.34899085760116577,medium
FP,0000155_00801_d_0000001.jpg,people,0.34605881571769714,small
FP,0000155_00801_d_0000001.jpg,car,0.32959672808647156,small
FP,0000155_00801_d_0000001.jpg,people,0.28571417927742004,small
FP,0000155_00801_d_0000001.jpg,pedestrian,0.2837021052837372,small
FP,0000155_00801_d_0000001.jpg,people,0.2768705487251282,small
FP,0000155_00801_d_0000001.jpg,car,0.26825085282325745,small
FP,0000155_00801_d_0000001.jpg,van,0.25660088658332825,small
FP,0000155_00801_d_0000001.jpg,motor,0.25591057538986206,small
FP,0000155_00801_d_0000001.jpg,pedestrian,0.2539516091346741,small
FN,0000155_00801_d_0000001.jpg,tricycle,0.0,medium
FN,0000155_00801_d_0000001.jpg,people,0.0,small
FN,0000155_00801_d_0000001.jpg,people,0.0,medium
FN,0000155_00801_d_0000001.jpg,people,0.0,small
FN,0000155_00801_d_0000001.jpg,people,0.0,small
FN,0000155_00801_d_0000001.jpg,people,0.0,small
FN,0000155_00801_d_0000001.jpg,people,0.0,small
FN,0000155_00801_d_0000001.jpg,people,0.0,small
FN,0000155_00801_d_0000001.jpg,people,0.0,small
FN,0000155_00801_d_0000001.jpg,people,0.0,small
FN,0000155_00801_d_0000001.jpg,people,0.0,small
FN,0000155_00801_d_0000001.jpg,people,0.0,small
FN,0000155_00801_d_0000001.jpg,people,0.0,small
FN,0000155_00801_d_0000001.jpg,people,0.0,small
FN,0000155_00801_d_0000001.jpg,people,0.0,small
FN,0000155_00801_d_0000001.jpg,people,0.0,small
FN,0000155_00801_d_0000001.jpg,people,0.0,small
FN,0000155_00801_d_0000001.jpg,people,0.0,small
FN,0000155_00801_d_0000001.jpg,motor,0.0,small
FN,0000155_00801_d_0000001.jpg,motor,0.0,small
FN,0000155_00801_d_0000001.jpg,motor,0.0,small
FN,0000155_00801_d_0000001.jpg,motor,0.0,small
FN,0000155_00801_d_0000001.jpg,motor,0.0,small
FN,0000155_00801_d_0000001.jpg,motor,0.0,small
FN,0000155_00801_d_0000001.jpg,motor,0.0,small
FN,0000155_00801_d_0000001.jpg,motor,0.0,small
FN,0000155_00801_d_0000001.jpg,motor,0.0,small
FN,0000155_00801_d_0000001.jpg,awning-tricycle,0.0,small
FN,0000155_00801_d_0000001.jpg,awning-tricycle,0.0,medium
FN,0000155_00801_d_0000001.jpg,pedestrian,0.0,small
FN,0000155_00801_d_0000001.jpg,pedestrian,0.0,small
FN,0000155_00801_d_0000001.jpg,car,0.0,medium
FN,0000155_00801_d_0000001.jpg,motor,0.0,small
FN,0000155_00801_d_0000001.jpg,tricycle,0.0,small
FN,0000155_00801_d_0000001.jpg,pedestrian,0.0,small
FN,0000155_00801_d_0000001.jpg,motor,0.0,small
FN,0000155_00801_d_0000001.jpg,motor,0.0,small
FN,0000155_00801_d_0000001.jpg,car,0.0,small
FN,0000155_00801_d_0000001.jpg,pedestrian,0.0,small
FN,0000155_00801_d_0000001.jpg,people,0.0,small
FN,0000155_00801_d_0000001.jpg,people,0.0,small
FN,0000155_00801_d_0000001.jpg,people,0.0,small
FN,0000155_00801_d_0000001.jpg,motor,0.0,small
FN,0000155_00801_d_0000001.jpg,motor,0.0,small
FN,0000155_00801_d_0000001.jpg,car,0.0,small
FN,0000155_00801_d_0000001.jpg,car,0.0,medium
FN,0000155_00801_d_0000001.jpg,pedestrian,0.0,medium
FP,0000155_01201_d_0000001.jpg,motor,0.6065806150436401,small
FP,0000155_01201_d_0000001.jpg,motor,0.5916011333465576,small
FP,0000155_01201_d_0000001.jpg,motor,0.567369282245636,medium
FP,0000155_01201_d_0000001.jpg,motor,0.5524842739105225,small
FP,0000155_01201_d_0000001.jpg,awning-tricycle,0.4720728397369385,medium
FP,0000155_01201_d_0000001.jpg,people,0.4656703472137451,medium
FP,0000155_01201_d_0000001.jpg,car,0.42980772256851196,small
FP,0000155_01201_d_0000001.jpg,people,0.38910940289497375,small
FP,0000155_01201_d_0000001.jpg,people,0.3140460252761841,medium
FP,0000155_01201_d_0000001.jpg,people,0.3070584237575531,small
FP,0000155_01201_d_0000001.jpg,people,0.30673912167549133,medium
FP,0000155_01201_d_0000001.jpg,tricycle,0.2782328426837921,medium
FP,0000155_01201_d_0000001.jpg,motor,0.2760876417160034,medium
FN,0000155_01201_d_0000001.jpg,pedestrian,0.0,small
FN,0000155_01201_d_0000001.jpg,car,0.0,small
FN,0000155_01201_d_0000001.jpg,awning-tricycle,0.0,small
FN,0000155_01201_d_0000001.jpg,car,0.0,small
FN,0000155_01201_d_0000001.jpg,car,0.0,small
FN,0000155_01201_d_0000001.jpg,people,0.0,small
FN,0000155_01201_d_0000001.jpg,awning-tricycle,0.0,small
FN,0000155_01201_d_0000001.jpg,motor,0.0,small
FN,0000155_01201_d_0000001.jpg,motor,0.0,small
FN,0000155_01201_d_0000001.jpg,people,0.0,small
FN,0000155_01201_d_0000001.jpg,people,0.0,small
FN,0000155_01201_d_0000001.jpg,people,0.0,small
FN,0000155_01201_d_0000001.jpg,people,0.0,small
FN,0000155_01201_d_0000001.jpg,motor,0.0,small
FN,0000155_01201_d_0000001.jpg,people,0.0,small
FN,0000155_01201_d_0000001.jpg,motor,0.0,small
FN,0000155_01201_d_0000001.jpg,people,0.0,small
FN,0000155_01201_d_0000001.jpg,people,0.0,small
FN,0000155_01201_d_0000001.jpg,motor,0.0,medium
FN,0000155_01201_d_0000001.jpg,motor,0.0,small
FN,0000155_01201_d_0000001.jpg,motor,0.0,small
FN,0000155_01201_d_0000001.jpg,people,0.0,small
FN,0000155_01201_d_0000001.jpg,people,0.0,small
FN,0000155_01201_d_0000001.jpg,motor,0.0,small
FN,0000155_01201_d_0000001.jpg,tricycle,0.0,small
FN,0000155_01201_d_0000001.jpg,tricycle,0.0,small
FN,0000155_01201_d_0000001.jpg,pedestrian,0.0,small
FN,0000155_01201_d_0000001.jpg,pedestrian,0.0,medium
FN,0000155_01201_d_0000001.jpg,motor,0.0,medium
FN,0000155_01201_d_0000001.jpg,tricycle,0.0,medium
FN,0000155_01201_d_0000001.jpg,motor,0.0,medium
FN,0000155_01201_d_0000001.jpg,motor,0.0,small
FN,0000155_01201_d_0000001.jpg,pedestrian,0.0,medium
FN,0000155_01201_d_0000001.jpg,motor,0.0,small
FN,0000155_01201_d_0000001.jpg,motor,0.0,small
FN,0000155_01201_d_0000001.jpg,motor,0.0,small
FN,0000155_01201_d_0000001.jpg,motor,0.0,small
FN,0000155_01201_d_0000001.jpg,motor,0.0,small
FN,0000155_01201_d_0000001.jpg,people,0.0,small
FN,0000155_01201_d_0000001.jpg,people,0.0,small
FN,0000155_01201_d_0000001.jpg,people,0.0,small
FN,0000155_01201_d_0000001.jpg,people,0.0,small
FN,0000155_01201_d_0000001.jpg,people,0.0,small
FN,0000155_01201_d_0000001.jpg,motor,0.0,small
FN,0000155_01201_d_0000001.jpg,motor,0.0,small
FN,0000155_01201_d_0000001.jpg,car,0.0,small
FN,0000155_01201_d_0000001.jpg,tricycle,0.0,small
FN,0000155_01201_d_0000001.jpg,car,0.0,small
FP,0000155_01601_d_0000001.jpg,people,0.612881600856781,small
FP,0000155_01601_d_0000001.jpg,motor,0.5629178881645203,small
FP,0000155_01601_d_0000001.jpg,bicycle,0.5322406888008118,medium
FP,0000155_01601_d_0000001.jpg,motor,0.5295964479446411,medium
FP,0000155_01601_d_0000001.jpg,people,0.5124233365058899,small
FP,0000155_01601_d_0000001.jpg,awning-tricycle,0.4940932095050812,medium
FP,0000155_01601_d_0000001.jpg,van,0.47718581557273865,medium
FP,0000155_01601_d_0000001.jpg,people,0.45566031336784363,small
FP,0000155_01601_d_0000001.jpg,car,0.4297682046890259,small
FP,0000155_01601_d_0000001.jpg,car,0.42672422528266907,small
FP,0000155_01601_d_0000001.jpg,awning-tricycle,0.38027024269104004,small
FP,0000155_01601_d_0000001.jpg,tricycle,0.37755829095840454,medium
FP,0000155_01601_d_0000001.jpg,people,0.3669161796569824,small
FP,0000155_01601_d_0000001.jpg,people,0.3341884911060333,medium
FP,0000155_01601_d_0000001.jpg,car,0.32944774627685547,small
FP,0000155_01601_d_0000001.jpg,people,0.31935352087020874,medium
FP,0000155_01601_d_0000001.jpg,motor,0.2937141954898834,small
FP,0000155_01601_d_0000001.jpg,motor,0.28618738055229187,small
FP,0000155_01601_d_0000001.jpg,car,0.27678942680358887,small
FP,0000155_01601_d_0000001.jpg,people,0.26587191224098206,medium
FP,0000155_01601_d_0000001.jpg,motor,0.25503677129745483,small
FN,0000155_01601_d_0000001.jpg,people,0.0,small
FN,0000155_01601_d_0000001.jpg,people,0.0,small
FN,0000155_01601_d_0000001.jpg,people,0.0,medium
FN,0000155_01601_d_0000001.jpg,pedestrian,0.0,medium
FN,0000155_01601_d_0000001.jpg,people,0.0,medium
FN,0000155_01601_d_0000001.jpg,motor,0.0,small
FN,0000155_01601_d_0000001.jpg,motor,0.0,small
FN,0000155_01601_d_0000001.jpg,motor,0.0,small
FN,0000155_01601_d_0000001.jpg,motor,0.0,small
FN,0000155_01601_d_0000001.jpg,motor,0.0,small
FN,0000155_01601_d_0000001.jpg,motor,0.0,small
FN,0000155_01601_d_0000001.jpg,awning-tricycle,0.0,small
FN,0000155_01601_d_0000001.jpg,people,0.0,small
FN,0000155_01601_d_0000001.jpg,people,0.0,small
FN,0000155_01601_d_0000001.jpg,people,0.0,small
FN,0000155_01601_d_0000001.jpg,people,0.0,small
FN,0000155_01601_d_0000001.jpg,people,0.0,small
FN,0000155_01601_d_0000001.jpg,people,0.0,small
FN,0000155_01601_d_0000001.jpg,people,0.0,small
FP,0000155_01871_d_0000001.jpg,car,0.5670775175094604,medium
FP,0000155_01871_d_0000001.jpg,motor,0.5475605130195618,medium
FP,0000155_01871_d_0000001.jpg,van,0.543470025062561,medium
FP,0000155_01871_d_0000001.jpg,motor,0.511872410774231,medium
FP,0000155_01871_d_0000001.jpg,people,0.4471287727355957,medium
FP,0000155_01871_d_0000001.jpg,van,0.413704514503479,small
FP,0000155_01871_d_0000001.jpg,motor,0.3856963813304901,medium
FP,0000155_01871_d_0000001.jpg,car,0.3649393320083618,small
FP,0000155_01871_d_0000001.jpg,motor,0.3366723656654358,medium
FP,0000155_01871_d_0000001.jpg,motor,0.2758016288280487,medium
FP,0000155_01871_d_0000001.jpg,motor,0.261412113904953,small
FN,0000155_01871_d_0000001.jpg,car,0.0,medium
FN,0000155_01871_d_0000001.jpg,car,0.0,medium
FN,0000155_01871_d_0000001.jpg,car,0.0,medium
FN,0000155_01871_d_0000001.jpg,car,0.0,small
FN,0000155_01871_d_0000001.jpg,van,0.0,small
FN,0000155_01871_d_0000001.jpg,motor,0.0,small
FN,0000155_01871_d_0000001.jpg,pedestrian,0.0,small
FN,0000155_01871_d_0000001.jpg,motor,0.0,small
FN,0000155_01871_d_0000001.jpg,tricycle,0.0,small
FN,0000155_01871_d_0000001.jpg,pedestrian,0.0,small
FN,0000155_01871_d_0000001.jpg,pedestrian,0.0,small
FN,0000155_01871_d_0000001.jpg,pedestrian,0.0,small
FN,0000155_01871_d_0000001.jpg,motor,0.0,small
FN,0000155_01871_d_0000001.jpg,motor,0.0,small
FN,0000155_01871_d_0000001.jpg,motor,0.0,small
FN,0000155_01871_d_0000001.jpg,pedestrian,0.0,small
FN,0000155_01871_d_0000001.jpg,pedestrian,0.0,small
FN,0000155_01871_d_0000001.jpg,tricycle,0.0,small
FN,0000155_01871_d_0000001.jpg,car,0.0,small
FN,0000155_01871_d_0000001.jpg,truck,0.0,small
FN,0000155_01871_d_0000001.jpg,pedestrian,0.0,small
FN,0000155_01871_d_0000001.jpg,pedestrian,0.0,small
FN,0000155_01871_d_0000001.jpg,motor,0.0,small
FN,0000155_01871_d_0000001.jpg,pedestrian,0.0,small
FN,0000155_01871_d_0000001.jpg,motor,0.0,medium
FP,0000162_00001_d_0000001.jpg,car,0.45034757256507874,small
FP,0000162_00001_d_0000001.jpg,people,0.3909073770046234,medium
FP,0000162_00001_d_0000001.jpg,car,0.3333154320716858,small
FP,0000162_00001_d_0000001.jpg,car,0.27100780606269836,small
FP,0000162_00001_d_0000001.jpg,bus,0.26883944869041443,small
FP,0000162_00001_d_0000001.jpg,motor,0.26336658000946045,small
FP,0000162_00001_d_0000001.jpg,people,0.2575494647026062,small
FN,0000162_00001_d_0000001.jpg,motor,0.0,small
FN,0000162_00001_d_0000001.jpg,people,0.0,small
FN,0000162_00001_d_0000001.jpg,awning-tricycle,0.0,small
FN,0000162_00001_d_0000001.jpg,car,0.0,small
FN,0000162_00001_d_0000001.jpg,awning-tricycle,0.0,medium
FN,0000162_00001_d_0000001.jpg,motor,0.0,small
FN,0000162_00001_d_0000001.jpg,people,0.0,small
FN,0000162_00001_d_0000001.jpg,people,0.0,small
FN,0000162_00001_d_0000001.jpg,motor,0.0,small
FN,0000162_00001_d_0000001.jpg,people,0.0,small
FN,0000162_00001_d_0000001.jpg,people,0.0,small
FP,0000162_00401_d_0000001.jpg,motor,0.46388864517211914,small
FP,0000162_00401_d_0000001.jpg,people,0.4421944320201874,small
FP,0000162_00401_d_0000001.jpg,tricycle,0.38740938901901245,small
FP,0000162_00401_d_0000001.jpg,truck,0.37768256664276123,small
FP,0000162_00401_d_0000001.jpg,people,0.3038742244243622,small
FP,0000162_00401_d_0000001.jpg,car,0.3038161098957062,small
FP,0000162_00401_d_0000001.jpg,motor,0.2882396876811981,small
FP,0000162_00401_d_0000001.jpg,pedestrian,0.27671077847480774,small
FP,0000162_00401_d_0000001.jpg,car,0.25195494294166565,small
FN,0000162_00401_d_0000001.jpg,people,0.0,small
FN,0000162_00401_d_0000001.jpg,people,0.0,small
FN,0000162_00401_d_0000001.jpg,people,0.0,small
FN,0000162_00401_d_0000001.jpg,people,0.0,small
FN,0000162_00401_d_0000001.jpg,motor,0.0,small
FN,0000162_00401_d_0000001.jpg,people,0.0,small
FN,0000162_00401_d_0000001.jpg,people,0.0,small
FN,0000162_00401_d_0000001.jpg,people,0.0,small
FN,0000162_00401_d_0000001.jpg,van,0.0,small
FN,0000162_00401_d_0000001.jpg,motor,0.0,small
FN,0000162_00401_d_0000001.jpg,people,0.0,small
FN,0000162_00401_d_0000001.jpg,people,0.0,small
FN,0000162_00401_d_0000001.jpg,people,0.0,small
FN,0000162_00401_d_0000001.jpg,tricycle,0.0,small
FN,0000162_00401_d_0000001.jpg,awning-tricycle,0.0,small
FN,0000162_00401_d_0000001.jpg,truck,0.0,small
FN,0000162_00401_d_0000001.jpg,pedestrian,0.0,small
FP,0000162_00801_d_0000001.jpg,motor,0.6360074281692505,medium
FP,0000162_00801_d_0000001.jpg,car,0.5437449812889099,medium
FP,0000162_00801_d_0000001.jpg,car,0.5124304890632629,medium
FP,0000162_00801_d_0000001.jpg,car,0.503119707107544,large
FP,0000162_00801_d_0000001.jpg,tricycle,0.3500921428203583,small
FP,0000162_00801_d_0000001.jpg,truck,0.330615758895874,medium
FP,0000162_00801_d_0000001.jpg,motor,0.2675227224826813,medium
FP,0000162_00801_d_0000001.jpg,car,0.2612893283367157,medium
FP,0000162_00801_d_0000001.jpg,car,0.25184136629104614,small
FN,0000162_00801_d_0000001.jpg,van,0.0,small
FN,0000162_00801_d_0000001.jpg,car,0.0,small
FN,0000162_00801_d_0000001.jpg,truck,0.0,small
FN,0000162_00801_d_0000001.jpg,people,0.0,small
FN,0000162_00801_d_0000001.jpg,people,0.0,small
FN,0000162_00801_d_0000001.jpg,people,0.0,small
FN,0000162_00801_d_0000001.jpg,people,0.0,small
FN,0000162_00801_d_0000001.jpg,motor,0.0,small
FN,0000162_00801_d_0000001.jpg,motor,0.0,small
FN,0000162_00801_d_0000001.jpg,motor,0.0,small
FN,0000162_00801_d_0000001.jpg,car,0.0,small
FP,0000162_01058_d_0000001.jpg,motor,0.5009822845458984,medium
FP,0000162_01058_d_0000001.jpg,motor,0.40801090002059937,small
FP,0000162_01058_d_0000001.jpg,car,0.31352177262306213,small
FP,0000162_01058_d_0000001.jpg,motor,0.3113783895969391,small
FP,0000162_01058_d_0000001.jpg,motor,0.30766770243644714,small
FP,0000162_01058_d_0000001.jpg,people,0.30033740401268005,small
FP,0000162_01058_d_0000001.jpg,motor,0.28763335943222046,medium
FP,0000162_01058_d_0000001.jpg,motor,0.2500718832015991,small
FN,0000162_01058_d_0000001.jpg,pedestrian,0.0,small
FN,0000162_01058_d_0000001.jpg,pedestrian,0.0,small
FN,0000162_01058_d_0000001.jpg,car,0.0,small
FN,0000162_01058_d_0000001.jpg,truck,0.0,small
FN,0000162_01058_d_0000001.jpg,car,0.0,small
FN,0000162_01058_d_0000001.jpg,tricycle,0.0,small
FN,0000162_01058_d_0000001.jpg,tricycle,0.0,small
FN,0000162_01058_d_0000001.jpg,tricycle,0.0,small
FN,0000162_01058_d_0000001.jpg,van,0.0,small
FN,0000162_01058_d_0000001.jpg,truck,0.0,small
FN,0000162_01058_d_0000001.jpg,pedestrian,0.0,small
FN,0000162_01058_d_0000001.jpg,people,0.0,small
FN,0000162_01058_d_0000001.jpg,motor,0.0,medium
FN,0000162_01058_d_0000001.jpg,truck,0.0,medium
FN,0000162_01058_d_0000001.jpg,truck,0.0,medium
FN,0000162_01058_d_0000001.jpg,truck,0.0,medium
FN,0000162_01058_d_0000001.jpg,truck,0.0,medium
FN,0000162_01058_d_0000001.jpg,motor,0.0,medium
FN,0000162_01058_d_0000001.jpg,people,0.0,small
FN,0000162_01058_d_0000001.jpg,people,0.0,small
FN,0000162_01058_d_0000001.jpg,people,0.0,small
FN,0000162_01058_d_0000001.jpg,people,0.0,small
FN,0000162_01058_d_0000001.jpg,people,0.0,small
FN,0000162_01058_d_0000001.jpg,people,0.0,small
FN,0000162_01058_d_0000001.jpg,people,0.0,small
FN,0000162_01058_d_0000001.jpg,people,0.0,small
FN,0000162_01058_d_0000001.jpg,people,0.0,small
FN,0000162_01058_d_0000001.jpg,bicycle,0.0,small
FN,0000162_01058_d_0000001.jpg,bicycle,0.0,small
FN,0000162_01058_d_0000001.jpg,bicycle,0.0,small
FN,0000162_01058_d_0000001.jpg,motor,0.0,small
FN,0000162_01058_d_0000001.jpg,motor,0.0,small
FN,0000162_01058_d_0000001.jpg,motor,0.0,small
FN,0000162_01058_d_0000001.jpg,tricycle,0.0,small
FP,0000163_00001_d_0000001.jpg,van,0.7144448161125183,medium
FP,0000163_00001_d_0000001.jpg,motor,0.5305835604667664,small
FP,0000163_00001_d_0000001.jpg,pedestrian,0.44834086298942566,small
FP,0000163_00001_d_0000001.jpg,car,0.4066067636013031,small
FP,0000163_00001_d_0000001.jpg,motor,0.3782919943332672,medium
FP,0000163_00001_d_0000001.jpg,people,0.3198157250881195,small
FP,0000163_00001_d_0000001.jpg,tricycle,0.3081512153148651,medium
FP,0000163_00001_d_0000001.jpg,people,0.2620908319950104,small
FN,0000163_00001_d_0000001.jpg,car,0.0,small
FN,0000163_00001_d_0000001.jpg,awning-tricycle,0.0,small
FN,0000163_00001_d_0000001.jpg,car,0.0,small
FN,0000163_00001_d_0000001.jpg,van,0.0,small
FN,0000163_00001_d_0000001.jpg,motor,0.0,small
FN,0000163_00001_d_0000001.jpg,van,0.0,medium
FN,0000163_00001_d_0000001.jpg,pedestrian,0.0,small
FN,0000163_00001_d_0000001.jpg,pedestrian,0.0,small
FN,0000163_00001_d_0000001.jpg,pedestrian,0.0,small
FN,0000163_00001_d_0000001.jpg,people,0.0,small
FN,0000163_00001_d_0000001.jpg,people,0.0,small
FN,0000163_00001_d_0000001.jpg,people,0.0,small
FN,0000163_00001_d_0000001.jpg,people,0.0,small
FN,0000163_00001_d_0000001.jpg,people,0.0,small
FN,0000163_00001_d_0000001.jpg,people,0.0,small
FN,0000163_00001_d_0000001.jpg,people,0.0,small
FN,0000163_00001_d_0000001.jpg,people,0.0,small
FN,0000163_00001_d_0000001.jpg,people,0.0,small
FN,0000163_00001_d_0000001.jpg,people,0.0,small
FN,0000163_00001_d_0000001.jpg,people,0.0,small
FN,0000163_00001_d_0000001.jpg,pedestrian,0.0,medium
FN,0000163_00001_d_0000001.jpg,pedestrian,0.0,medium
FN,0000163_00001_d_0000001.jpg,pedestrian,0.0,medium
FN,0000163_00001_d_0000001.jpg,truck,0.0,medium
FN,0000163_00001_d_0000001.jpg,truck,0.0,large
FN,0000163_00001_d_0000001.jpg,motor,0.0,medium
FN,0000163_00001_d_0000001.jpg,motor,0.0,small
FN,0000163_00001_d_0000001.jpg,motor,0.0,small
FN,0000163_00001_d_0000001.jpg,truck,0.0,medium
FN,0000163_00001_d_0000001.jpg,truck,0.0,medium
FN,0000163_00001_d_0000001.jpg,car,0.0,small
FN,0000163_00001_d_0000001.jpg,motor,0.0,small
FN,0000163_00001_d_0000001.jpg,car,0.0,small
FN,0000163_00001_d_0000001.jpg,people,0.0,small
FN,0000163_00001_d_0000001.jpg,people,0.0,small
FN,0000163_00001_d_0000001.jpg,motor,0.0,small
FN,0000163_00001_d_0000001.jpg,motor,0.0,small
FP,0000163_00359_d_0000001.jpg,tricycle,0.2520865201950073,medium
FN,0000163_00359_d_0000001.jpg,car,0.0,small
FN,0000163_00359_d_0000001.jpg,car,0.0,small
FN,0000163_00359_d_0000001.jpg,people,0.0,small
FN,0000163_00359_d_0000001.jpg,motor,0.0,small
FN,0000163_00359_d_0000001.jpg,car,0.0,medium
FN,0000163_00359_d_0000001.jpg,people,0.0,small
FN,0000163_00359_d_0000001.jpg,motor,0.0,small
FN,0000163_00359_d_0000001.jpg,motor,0.0,small
FN,0000163_00359_d_0000001.jpg,motor,0.0,small
FN,0000163_00359_d_0000001.jpg,pedestrian,0.0,small
FN,0000163_00359_d_0000001.jpg,pedestrian,0.0,small
FN,0000163_00359_d_0000001.jpg,pedestrian,0.0,small
FN,0000163_00359_d_0000001.jpg,pedestrian,0.0,small
FN,0000163_00359_d_0000001.jpg,pedestrian,0.0,small
FN,0000163_00359_d_0000001.jpg,pedestrian,0.0,small
FN,0000163_00359_d_0000001.jpg,pedestrian,0.0,small
FN,0000163_00359_d_0000001.jpg,people,0.0,small
FN,0000163_00359_d_0000001.jpg,people,0.0,small
FN,0000163_00359_d_0000001.jpg,people,0.0,small
FN,0000163_00359_d_0000001.jpg,motor,0.0,small
FN,0000163_00359_d_0000001.jpg,motor,0.0,small
FN,0000163_00359_d_0000001.jpg,motor,0.0,small
FN,0000163_00359_d_0000001.jpg,pedestrian,0.0,small
FN,0000163_00359_d_0000001.jpg,car,0.0,medium
FN,0000163_00359_d_0000001.jpg,awning-tricycle,0.0,small
FN,0000163_00359_d_0000001.jpg,pedestrian,0.0,small
FN,0000163_00359_d_0000001.jpg,pedestrian,0.0,small
FN,0000163_00359_d_0000001.jpg,pedestrian,0.0,small
FN,0000163_00359_d_0000001.jpg,people,0.0,small
FN,0000163_00359_d_0000001.jpg,people,0.0,small
FN,0000163_00359_d_0000001.jpg,motor,0.0,small
FN,0000163_00359_d_0000001.jpg,motor,0.0,small
FN,0000163_00359_d_0000001.jpg,tricycle,0.0,small
FP,0000165_04325_d_0000105.jpg,bicycle,0.36797529458999634,medium
FP,0000165_04325_d_0000105.jpg,car,0.32733139395713806,small
FP,0000165_04325_d_0000105.jpg,car,0.2880129814147949,small
FP,0000165_04325_d_0000105.jpg,car,0.2591314911842346,medium
FN,0000165_04325_d_0000105.jpg,truck,0.0,large
FN,0000165_04325_d_0000105.jpg,bicycle,0.0,medium
FN,0000165_04325_d_0000105.jpg,bicycle,0.0,small
FN,0000165_04325_d_0000105.jpg,people,0.0,medium
FN,0000165_04325_d_0000105.jpg,bicycle,0.0,small
FN,0000165_04325_d_0000105.jpg,bicycle,0.0,medium
FN,0000165_04325_d_0000105.jpg,people,0.0,small
FN,0000165_04325_d_0000105.jpg,bicycle,0.0,small
FN,0000165_04325_d_0000105.jpg,people,0.0,small
FN,0000165_04325_d_0000105.jpg,bicycle,0.0,small
FN,0000165_04325_d_0000105.jpg,car,0.0,small
FN,0000165_04325_d_0000105.jpg,pedestrian,0.0,small
